year,ccode,familychildren,health,housing,oldage,sicknessdisability,social,survivors,unemployment,nominalGDP,potentialoutput
1995,AUT,5673.4,11778.9,124.9,21248.8,4023,38614.5,3382.2,2417.1,176.6088,243.6674
1996,AUT,5568.6,12291.6,144.1,22202.9,3959.7,39855,3485.3,2574.7,182.5409,249.3112
1997,AUT,5333.7,13193.7,171,22846,3821.7,40060.7,3531.3,2371.5,188.7238,255.391
1998,AUT,5151,14015.7,211.9,23803.1,4042.9,41116,3600.2,2559.9,196.3466,262.0063
1999,AUT,5740.7,14809,233.6,24865.5,4088.8,42962.4,3671.5,2545.7,203.8506,268.8078
2000,AUT,6171.8,15216,254.7,25951.7,3962.8,44386.9,3729.7,2407.7,213.6065,275.8415
2001,AUT,6197.1,15542.5,267.8,26926,3664.7,45466.1,3804,2431.7,220.5251,282.6052
2002,AUT,6406.7,16561.7,310.8,27508.2,3882.9,47324.9,3871.7,2874.6,226.7352,289.0832
2003,AUT,6656.2,17177,311.2,28401.6,4079.3,48626.6,3931.3,3127.5,231.8625,295.6196
2004,AUT,6811.6,18207.1,307.7,29095.2,4437.2,49830.1,3981.1,3106.3,242.3483,302.5166
2005,AUT,6976,18888.8,320,29803.5,4673.1,51404.9,4025.6,3178.3,254.075,309.4823
2006,AUT,7005.9,19627.2,394.3,30998.5,4850.6,53184.5,4144.2,3291.4,267.8245,315.9699
2007,AUT,7049,20902.8,337.8,32337.3,5142,55107.3,4265.8,3393.9,283.978,321.9032
2008,AUT,7512,22069.3,414.9,33950.1,5386.2,57524.9,4401,3103.3,293.7619,326.8677
2009,AUT,7809.2,22584.3,461.1,35871.9,5706,61168,4498.1,3904.5,288.044,329.9646
2010,AUT,7904.4,23275.2,499.8,37341.1,5898.5,63323.2,4565.5,4138,295.8966,332.528
2011,AUT,7509.2,23729.5,424.2,38388.9,6129.8,64179,4622.3,3969.6,310.1287,335.5535
2012,AUT,7554.5,24488.2,391.7,40163.2,6280.7,66633.6,4750.7,4158.9,318.653,338.6999
2013,AUT,7544.6,25194.8,377.1,41715,6431.9,69001.6,4851.8,4513.1,323.9102,342.018
2014,AUT,7550.9,26381.2,373.7,43403.4,6560.8,71461,4949.8,4789.4,333.1461,345.2263
2015,AUT,7940.3,28235,382.8,44081.1,6626.2,72937,5011.1,4812.8,344.2692,349.1316
2016,AUT,8109.6,29223.8,397.8,45285.7,6701.7,75072,5074.4,4941.4,357.608,353.4531
2017,AUT,7993.9,30239.1,391.2,46483.4,6715.3,76076.2,5105.4,4812.2,369.3619,357.6323
2018,AUT,8137.1,31770.2,392.9,47789.6,6833.9,77713.3,5204.7,4693.4,385.424,361.8322
2019,AUT,8048.8,33009.2,372.3,49885.9,7035.6,80102.2,5316.9,4731,397.5185,365.9807
2020,AUT,9077.4,34878.1,376.9,52708.5,7062.4,86811.7,5467.9,7251.6,379.3206,369.6018
1995,BEL,,12672.1,NA,,,37335.7,,,210.4891,288.1084
1996,BEL,,13631.4,NA,,,38347.1,,,214.2871,293.8024
1997,BEL,,13460.8,NA,,,39629,,,224.1015,300.484
1998,BEL,,14240.6,NA,,,40320.8,,,232.6238,307.3682
1999,BEL,,15146.8,NA,,,41014.9,,,242.3076,314.7858
2000,BEL,,16092.9,NA,,,42116.4,,,256.3764,322.8035
2001,BEL,5563.6,16647,94.7,18053.7,6186.8,44087.9,5334.6,6204.3,264.3349,330.8353
2002,BEL,5810.8,17343.7,107.3,19114.8,6508.3,46732.9,5517.8,6943.7,273.2559,338.4392
2003,BEL,5987.5,19303.1,145.2,19956.9,6980.5,48984.3,5656.6,7402.6,281.2002,345.6472
2004,BEL,6122.8,20459.3,204.7,21105.7,7285.3,51258,5793.3,7814.8,296.8197,353.1868
2005,BEL,6317.8,21084.1,207,21987.6,7686.8,52990.5,5965.2,7877.7,310.0376,360.6706
2006,BEL,6498.8,21779.5,302.8,23200.3,7800.8,55476,6178.9,7966,325.1515,367.8196
2007,BEL,6799.9,23235.8,285,24634,8234.1,57740.3,6314.8,7772.6,343.6189,375.2652
2008,BEL,7601,25650.5,451.5,26142.3,8838.8,61589.4,6625.6,7894.7,351.7431,382.0893
2009,BEL,8351.7,27147.1,540.3,27610.8,9460.5,66543.1,6863.5,9151.6,346.4728,387.0153
2010,BEL,8650,28164.3,596.4,29058.8,9742.7,68469.2,6963.8,9074.4,363.1401,392.4812
2011,BEL,9203.9,29086.8,704.3,30657.6,10239.3,71834.8,7165.4,8950.8,375.9678,398.4977
2012,BEL,9532.6,30647.3,653.1,32672.4,10972.8,75606.4,7359.7,9160.4,386.1747,402.9892
2013,BEL,9176.2,31489.1,674.3,34938.2,11985.3,78779.9,7459.7,9463.1,392.88,406.6384
2014,BEL,9460.2,32369.3,694,36010.8,12465.4,79670,7353.2,8981.8,403.0033,410.845
2015,BEL,9454.4,32639.4,826.8,37129.5,13104.9,80798.1,7348.3,8164,416.7014,415.9082
2016,BEL,9416.8,32788.8,773.1,38619.9,13868.7,83473.8,7430,7809.9,430.0853,421.5819
2017,BEL,9638.8,33787.7,948.2,40591.3,14450.7,85967.3,7512.9,7216.8,445.0501,427.0039
2018,BEL,9998.2,35068.3,952.9,42422.8,15400.9,88722.4,7532.2,6757.8,460.0917,432.9839
2019,BEL,10401.3,36049,985,44786.2,16515.2,92135.7,7500.8,6266.7,478.2389,439.516
2020,BEL,10821.4,40369.9,907.2,46769.2,17494.6,103865.5,7568.3,14066.5,456.7315,445.0982
1995,DNK,47331,70251,7850,71349,46450,260804,192,62900,1036.483,1520.832
1996,DNK,53843,72956,7960,74559,48863,270382,188,59513,1088.024,1555.183
1997,DNK,55741,74895,8193,76248,50826,273377,187,56461,1146.129,1592.463
1998,DNK,59032,78206,8475,78881,52878,278657,181,54076,1185.988,1631.406
1999,DNK,62542,85357,8659,78005,53803,283711,172,54644,1241.521,1669.12
2000,DNK,65477,88749,8646,80739,56352,296547,146,56678,1326.912,1708.616
2001,DNK,69358,95080,8865,84615,60303,310781,141,56316,1371.526,1741.778
2002,DNK,70997,99785,9225,87429,64022,324182,142,58788,1410.271,1769.253
2003,DNK,75926,102653,9760,91152,68232,341045,142,62032,1436.751,1792.197
2004,DNK,76791,108576,10211,94466,71826,353120,139,64925,1506.001,1814.918
2005,DNK,78726,115002,10638,102497,74785,360641,134,60707,1585.984,1840.141
2006,DNK,84366,123619,10964,109997,78420,364516,132,52227,1682.26,1873.002
2007,DNK,83915,133319,11165,116687,82677,373205,130,47471,1738.845,1905.416
2008,DNK,88663,142069,11402,122550,88793,389090,133,45806,1801.47,1935.896
2009,DNK,94304,152772,11634,129089,93004,418018,137,54353,1722.143,1955.142
2010,DNK,96720,154836,12230,136988,97269,449771,146,64270,1810.926,1972.302
2011,DNK,94531,156052,12742,143999,97372,456038,142,65492,1846.854,1989.116
2012,DNK,93074,163990,13226,151013,98208,465800,146,65352,1895.002,2006.833
2013,DNK,95110,164265,13348,157031,98091,473236,151,64165,1929.677,2027.023
2014,DNK,93767,169580,13875,163567,97212,475442,152,60778,1981.165,2051.999
2015,DNK,92453,173582,14326,169335,96397,478233,132,55003,2036.356,2086.321
2016,DNK,93634,177820,14370,173918,95603,482523,153,50864,2107.808,2128.806
2017,DNK,95556,182525,14620,179467,96607,487474,148,49244,2192.96,2172.494
2018,DNK,97247,186894,14825,185182,97703,492768,190,45912,2253.316,2217.193
2019,DNK,98409,192716,15206,192860,100280,499649,293,44614,2318.042,2258.954
2020,DNK,101629,207849,15620,196848,107136,521032,284,50009,2329.561,2300.012
1995,FIN,,6113,,,,24732,,,98.549,141.042
1996,FIN,,6507,,,,25371,,,102.083,145.2657
1997,FIN,,6888,,,,25815,,,110.807,150.5717
1998,FIN,,7020,,,,26066,,,120.474,157.1793
1999,FIN,,7330,,,,26814,,,126.916,164.2999
2000,FIN,,7803,,,,26649,,,136.442,171.672
2001,FIN,4368,8454,399,11004,5660,27750,1104,3548,144.628,178.8567
2002,FIN,4443,9199,413,11947,6065,29605,1168,3799,148.486,185.1129
2003,FIN,4527,9741,430,12575,6254,30868,1210,4032,151.749,190.967
2004,FIN,4724,10283,436,13270,6463,32206,1254,4150,158.758,196.5235
2005,FIN,4921,10966,437,13710,6723,33055,1289,4010,164.687,201.6719
2006,FIN,5003,11536,439,14272,7020,33921,1305,3818,172.897,206.4281
2007,FIN,5277,12095,431,15332,7298,35613,1372,3622,187.072,211.0491
2008,FIN,5698,13016,428,16443,7478,37476,1388,3596,194.265,214.3234
2009,FIN,5895,13463,482,18159,7934,40940,1480,4313,181.747,214.8011
2010,FIN,6044,13790,530,19017,8250,42512,1458,4398,188.143,215.4525
2011,FIN,6337,14580,552,20761,8534,44492,1528,3919,197.998,216.1082
2012,FIN,6615,15504,606,22501,8947,47415,1582,4068,201.037,216.4434
2013,FIN,6792,15997,670,24224,9187,50262,1638,4544,204.321,216.6335
2014,FIN,6780,16159,742,25243,9361,52184,1662,5117,206.897,217.0543
2015,FIN,6814,15406,918,28131,7580,53413,1653,5570,211.385,217.9495
2016,FIN,6853,15616,1080,30094,7109,55426,1514,5505,217.518,220.1319
2017,FIN,6831,15868,1263,30892,7012,55546,1506,4974,226.301,222.758
2018,FIN,6953,16513,1489,31900,7307,56618,1535,4375,233.468,225.906
2019,FIN,7244,17114,1491,32913,7539,57720,1530,4033,239.852,229.0049
2020,FIN,7313,18159,1567,34117,7587,60594,1552,5378,237.995,231.5579
1995,FRA,31734,86552,11535,129182,33599,259903,20131,21041,1218.273,1627.625
1996,FRA,32453,90588,11787,131996,34825,268118,20698,22896,1252.266,1659.828
1997,FRA,33355,91524,12962,137803,34990,277372,20807,23406,1292.777,1693.523
1998,FRA,33500,94332,12975,142361,36154,285146,21167,23745,1351.896,1729.19
1999,FRA,34635,96728,13485,147467,37638,296346,21501,25056,1400.999,1766.489
2000,FRA,36272,103238,13884,152436,33892,301358,21834,25773,1478.585,1804.946
2001,FRA,36978,107989,14218,159147,34962,314329,22450,26757,1538.2,1840.838
2002,FRA,37572,115691,15004,165201,36683,328600,23339,30111,1587.829,1874.145
2003,FRA,39130,122921,14960,174123,38644,347044,23984,34148,1630.666,1907.829
2004,FRA,40183,129180,15579,188209,42047,361971,24868,35103,1704.019,1943.733
2005,FRA,40959,135537,15866,198496,44334,376740,26271,34275,1765.905,1980.001
2006,FRA,44039,140181,16167,213415,46441,399052,27122,32876,1848.151,2015.388
2007,FRA,47130,144882,16228,225865,50488,420621,27939,31678,1941.36,2050.614
2008,FRA,47876,148414,17392,238661,50330,435282,28712,30728,1992.38,2082.801
2009,FRA,48488,154054,19073,248925,53557,459029,29646,35752,1936.422,2105.615
2010,FRA,48794,159197,18100,257682,54318,472371,31286,37926,1995.289,2129.372
2011,FRA,50018,163277,18530,269082,55766,487832,31603,38109,2058.369,2153.236
2012,FRA,51839,167197,19354,277646,57867,504765,33412,39772,2088.804,2175.067
2013,FRA,52869,170642,19713,285321,59909,517782,33685,41370,2117.189,2197.114
2014,FRA,53850,176045,20090,291652,59067,526788,34054,42073,2149.765,2217.456
2015,FRA,53671,177606,20349,296442,61120,535188,34253,42766,2198.432,2234.949
2016,FRA,53069,181527,21004,301192,65121,546058,34408,43928,2234.129,2252.862
2017,FRA,53830,186344,21521,306252,66347,555337,34705,44064,2297.242,2273.237
2018,FRA,53947,189698,20870,312956,68555,564910,34981,44109,2363.306,2294.013
2019,FRA,54414,194017,20902,319139,70734,580665,35464,44932,2437.635,2315.599
2020,FRA,55457,206973,21449,324813,75670,627916,35776,75843,2302.86,2335.92
1995,DEU,,116167,,,,392642,,,1894.61,2337.793
1996,DEU,,120749,,,,415862,,,1921.38,2372.132
1997,DEU,,119549,,,,421345,,,1961.15,2404.457
1998,DEU,,122556,,,,426231,,,2014.42,2438.406
1999,DEU,,125452,,,,439146,,,2059.48,2475.958
2000,DEU,30042,136425,3695,196631,57736,425129,50142,52115,2109.09,2515.242
2001,DEU,30098,141945,5152,204289,60209,437314,50559,53340,2172.54,2552.499
2002,DEU,31170,147191,5173,212064,62416,452979,50804,57076,2198.12,2585.654
2003,DEU,32109,150525,5269,218870,62794,465576,50242,60635,2211.57,2616.084
2004,DEU,32918,145621,5458,221294,61662,468124,50039,60794,2262.52,2646.37
2005,DEU,33137,149589,10979,225885,59822,475572,48278,68936,2288.31,2677.909
2006,DEU,32894,153275,12216,227215,59236,475673,47965,67491,2385.08,2714.754
2007,DEU,34025,158885,11845,231739,61231,472511,47886,58332,2499.55,2752.023
2008,DEU,36085,164972,11321,235537,65633,478923,48641,54959,2546.49,2786.77
2009,DEU,40537,174635,12378,241726,69815,506036,49638,64796,2445.73,2808.783
2010,DEU,42341,179617,12523,245667,73463,514462,50330,62246,2564.4,2841.034
2011,DEU,41747,183785,13014,247336,76062,508438,50672,51803,2693.56,2865.543
2012,DEU,44017,188188,12479,252515,81307,518918,51546,48727,2745.31,2891.788
2013,DEU,45161,198927,12893,257921,85562,533910,52363,50464,2811.35,2936.497
2014,DEU,46978,209452,8704,266850,91124,550151,54008,51099,2927.43,2982.802
2015,DEU,50019,217769,9351,279003,92981,577822,56225,50839,3026.18,3034.527
2016,DEU,55094,225794,10850,290681,98096,611468,58328,50458,3134.74,3084.298
2017,DEU,56199,232702,11438,306312,103024,634997,60481,52223,3267.16,3125.077
2018,DEU,58285,241621,10970,316284,107072,648812,62413,50790,3367.86,3164.045
2019,DEU,60217,253659,11024,333161,113050,681481,65740,52620,3473.35,3197.171
2020,DEU,73256,286656,8980,347763,115441,734813,68274,72944,3367.56,3221.898
1995,GRC,,4671,NA,,,11227,,,93.0636,150.5536
1996,GRC,,5100,NA,,,12454,,,103.0366,154.9162
1997,GRC,,5630,NA,,,13887,,,114.7122,160.0222
1998,GRC,,6529,NA,,,15602,,,125.2626,165.6557
1999,GRC,,7482,NA,,,17097,,,133.7887,172.0335
2000,GRC,,7935,NA,,,19168,,,141.2473,179.3143
2001,GRC,930,9568,211,13320,2307,20658,2433,1155,152.1938,187.0395
2002,GRC,936,9755,127,14564,2527,22449,2596,1288,163.4608,194.9744
2003,GRC,1083,10696,197,17239,2696,25574,2729,1221,178.9049,204.4763
2004,GRC,1183,10913,372,17742,2934,27177,2898,1621,193.7158,212.8883
2005,GRC,1368,12313,388,19764,3045,29698,3211,1565,199.2423,218.4834
2006,GRC,1372,12846,368,22948,3277,32947,3042,1600,217.8616,224.4291
2007,GRC,1492,13989,888,24998,3502,36558,3363,1957,232.6946,229.4626
2008,GRC,1755,15629,832,29312,3664,41240,3520,1815,241.9904,232.2196
2009,GRC,2225,16184,817,30786,3903,44284,3645,2377,237.5342,232.4587
2010,GRC,2097,15507,145,30515,3774,42507,3365,2266,224.124,229.9457
2011,GRC,1371,13429,200,30502,3682,41846,3385,2378,203.3082,224.1541
2012,GRC,1233,11352,45,30159,3431,40169,3395,1461,188.3806,217.5548
2013,GRC,1261,9709,228,26634,2690,35353,2772,1376,179.8844,211.5442
2014,GRC,1278,8491,142,27280,2835,36060,2913,816,177.236,206.7517
2015,GRC,1162,8783,75,27657,2820,35922,2945,884,176.3689,203.2683
2016,GRC,1149,9306,12,27777,2623,36075,3055,849,174.4942,199.495
2017,GRC,1202,9685,43,24844,3067,35396,3804,870,176.9034,196.9194
2018,GRC,1564,10004,18,24754,2764,35544,3703,971,179.5577,194.3665
2019,GRC,1640,10536,365,25389,2955,36283,3738,1106,183.2504,193.1173
2020,GRC,1677,11075,392,25994,2781,37260,3863,1518,165.3264,191.5039
1995,IRL,1170.1,2988.2,198.4,3132.3,909.9,7220.4,430.6,893.4,54.7587,90.2017
1996,IRL,920.2,3118.7,248.2,3307.3,956,7386.1,458.8,959.3,60.1476,97.4
1997,IRL,1086.2,3559.8,250.2,3834,1119.2,8633.6,528.1,1177.9,69.4007,106.0713
1998,IRL,1137.1,4032,302.3,4084.1,1158.6,9143.5,549.5,1228.6,80.4308,115.5137
1999,IRL,1157,4636,497,5295.3,1169.3,10640.3,557.9,1273.1,92.7905,125.7866
2000,IRL,1236.5,5281.9,794.4,4357.3,1251.3,10365.5,603.3,1398.1,108.4953,136.2882
2001,IRL,1469,6391.4,1146.1,5371.7,1481.7,12575.1,704.4,1576.5,122.0892,146.7293
2002,IRL,1789.3,7997.7,1418.6,6258.7,1800,14789.9,819.9,1692.5,135.9976,156.8152
2003,IRL,1943.7,8879.9,1396.8,6958,1901.6,15914.4,890.8,1782,145.5764,165.8975
2004,IRL,2103.7,10005.1,1255,7779,2051.6,17110.2,961.1,1915.5,156.2603,174.6992
2005,IRL,2398.1,10214.2,1605.3,6752.7,4667.3,20088.9,1168.8,2410.7,170.3068,183.2983
2006,IRL,2687.3,10970.6,1635.4,7546.4,5188.4,22230.2,1297.2,2660.9,184.9162,191.1347
2007,IRL,3139.4,12279.9,1776,8565.3,5909.2,25230.3,1468.9,3012.7,197.0694,197.1534
2008,IRL,3505,12960.6,2029.8,9808,6406.6,28342.9,1654.9,3418,187.283,198.6679
2009,IRL,3820.5,13355.2,1628,10835.1,6434.3,30022.1,1822.4,3838.2,169.5197,197.038
2010,IRL,3701.1,12504.8,1180.9,10603.2,6567.8,29272.2,1801,3776.7,167.3631,194.8143
2011,IRL,4799.3,13598.2,1133.1,9084.5,4684.9,27456.7,1539.2,5126.5,171.6834,193.5492
2012,IRL,4720.6,13496.3,1072.8,9538,4617.3,27702.9,1563.1,5142,175.5128,194.7966
2013,IRL,4396.6,13118.2,1126.7,9263.7,4688.1,26917.3,1579.8,4854.1,179.4112,198.1009
2014,IRL,4261.3,13131,1022.8,9270.1,4901.5,26475.3,1583.8,4440,194.9338,204.9555
2015,IRL,4160.5,13632.3,1229.2,9609.5,5063,26832.6,1611.5,4137.6,262.8001,249.7993
2016,IRL,4150.2,14107.9,1388.9,9730.8,5265.3,26891.2,1616.4,3706.9,270.0581,263.1615
2017,IRL,4042.9,14687.2,2066.2,11859.1,4414.3,28151.1,1591.9,3357.2,296.9252,286.7114
2018,IRL,4118.6,15610,2575.5,12327.7,4640.5,29171.2,1663.2,3052,326.0428,317.5035
2019,IRL,4202.7,16873.4,3376,13185.8,4700.2,31256.8,1719.3,2835,356.5263,346.357
2020,IRL,4412.1,20260.8,3333.1,14378.5,4982,38174.1,1849.8,7880.2,372.8685,371.471
1995,ITA,,50712,NA,,,173081,,,988.243,1512.674
1996,ITA,,54443,NA,,,176254,,,1045.873,1534.487
1997,ITA,,58964,NA,,,188539,,,1092.357,1560.433
1998,ITA,,61580,NA,,,193140,,,1138.856,1585.686
1999,ITA,,64710,NA,,,202090,,,1175.15,1609.868
2000,ITA,,72290,NA,,,208354,,,1241.513,1633.859
2001,ITA,10560,79967,112,148061,17442,216294,32109,5015,1304.137,1655.446
2002,ITA,10285,84354,131,148880,19811,219327,32232,5354,1350.259,1672.497
2003,ITA,11394,87206,155,161295,21828,237900,34367,5992,1394.693,1687.098
2004,ITA,12017,95609,183,168655,22647,248564,35513,6571,1452.319,1705.435
2005,ITA,12065,101899,210,174720,22610,256586,36733,7178,1493.635,1715.089
2006,ITA,13128,107138,252,182700,23668,267897,37499,7583,1552.687,1725.748
2007,ITA,13941,107875,318,192035,24890,280973,38516,7369,1614.84,1738.839
2008,ITA,14552,114795,445,200812,26098,294366,39593,8930,1637.699,1743.42
2009,ITA,16653,117042,515,207472,27594,311076,41250,13234,1577.256,1738.572
2010,ITA,14855,119013,534,214091,27664,317240,41506,14375,1611.279,1736.396
2011,ITA,15391,117262,532,218439,27055,322204,42241,14386,1648.756,1739.413
2012,ITA,15693,115527,582,220145,28965,328997,43284,16438,1624.359,1723.39
2013,ITA,15991,114796,539,223619,29644,337198,44327,19098,1612.751,1721.52
2014,ITA,15841,115948,730,223324,30009,343690,44514,19154,1627.406,1721.387
2015,ITA,15589,116401,861,227115,30185,352256,45044,19400,1655.355,1719.042
2016,ITA,16210,117191,771,227271,30460,354031,44845,19179,1695.787,1716.081
2017,ITA,16692,118388,675,230931,30723,359285,44990,18762,1736.593,1718.14
2018,ITA,16840,120674,540,235569,31206,365916,45338,18982,1771.391,1717.461
2019,ITA,16883,122326,551,243192,31924,378215,45675,19941,1796.634,1716.844
2020,ITA,17593,130111,586,249475,33321,416581,46526,42161,1656.961,1714.524
1995,CYP,100.6,156.8,2.5,230.2,42.4,547.2,61,30.1,7.67831,NA
1996,CYP,109.5,163.4,2.8,251.8,46.3,596.8,66.5,32.8,7.9795,NA
1997,CYP,122,197.9,3,281.3,51,663.4,73.8,36.4,8.37344,12.30493
1998,CYP,132,230.2,3.3,304.2,55,720,79.7,39.4,9.05978,12.7618
1999,CYP,144.6,256.3,3.6,323.4,61.1,781.6,86.5,43.8,9.73156,13.28464
2000,CYP,160.4,260.3,4.1,354.8,67.4,862.1,95.5,48,10.59498,13.80104
2001,CYP,181.7,302,4.8,381.7,73.3,944.1,101,50.6,11.41689,14.31233
2002,CYP,210.4,338.6,5.7,423.1,82.9,1069.5,112.5,56.3,11.87704,14.87181
2003,CYP,260.4,393.1,7.4,482.6,96,1264.2,126.1,62,12.84529,15.40191
2004,CYP,292.6,389.4,8.2,559.2,109.7,1439.2,144.4,71.6,13.85644,15.95476
2005,CYP,328.7,408.9,9.1,639.8,125,1638.8,164.3,82.5,14.82231,16.50233
2006,CYP,339.4,450.3,9.4,657.1,129.7,1696.4,171.3,85.8,16.00002,17.13794
2007,CYP,348.2,457.9,9.9,653.7,129.4,1750.2,169.6,83.3,17.51158,17.79413
2008,CYP,383.6,511.4,3,735,141.8,1943.7,187.1,90.9,19.00958,18.47221
2009,CYP,414.3,552.1,6.1,800.1,126.8,2155.5,207.3,98.1,18.67549,18.94105
2010,CYP,424.6,575.5,7.7,916.5,132.2,2357.2,227,117.2,19.40997,19.35428
2011,CYP,431.3,606.9,10.2,994.6,130.2,2501.8,240,138,19.80303,19.64316
2012,CYP,385.2,580.5,7.3,1048.5,121.9,2532.4,250.2,192,19.44078,19.64702
2013,CYP,338.8,556.2,3.3,1023.2,109.2,2438,253.5,243.4,17.99497,19.36685
2014,CYP,487.9,466,1.2,1063.8,105.3,2419.9,260.7,223,17.43016,19.06343
2015,CYP,521.9,455.6,0.5,1086.7,96.1,2423.1,268.2,157.3,17.88396,18.97443
2016,CYP,568,474.8,0.5,1118.1,99,2507.5,277,145.9,18.92934,19.32075
2017,CYP,576.3,506.3,0.4,1168.1,92.3,2559.4,287.5,114.8,20.24526,19.90152
2018,CYP,591.8,568.9,0.8,1285.3,102.2,2641.6,296,104.1,21.6126,20.5465
2019,CYP,594.2,816.6,0.1,1364.8,95.8,2767.5,307.4,111,23.00994,21.23224
2020,CYP,639.4,1276.9,4.3,1425.1,97.6,2935.3,323.9,142.8,21.61793,21.8164
1995,CZE,14192,117131,423,93448,44072,173791,9781,1905,1596.306,NA
1996,CZE,5653,133337,1581,106267,70696,207082,11096,2225,1829.255,NA
1997,CZE,25784,125273,1896,118447,54493,231850,12480,3496,1971.024,2991.093
1998,CZE,27410,140760,2186,127672,59695,250703,13444,4282,2156.624,3024.654
1999,CZE,28968,149685,2272,135385,65214,269676,14333,5869,2252.983,3053.844
2000,CZE,27134,161830,2532,148711,74606,292896,15621,6057,2386.289,3115.478
2001,CZE,29634,181552,3878,160354,79253,314273,16734,5565,2579.126,3178.864
2002,CZE,32310,195782,10675,171310,89683,353330,18691,6547,2690.982,3260.962
2003,CZE,31550,208129,12808,178598,94121,365991,19456,7354,2823.452,3365.543
2004,CZE,33101,220552,2559,184772,89944,365274,19373,7508,3079.207,3503.135
2005,CZE,46431,225900,2474,195152,97859,390548,20308,7455,3285.601,3667.932
2006,CZE,51256,244909,2300,211686,101914,419993,21463,7665,3530.881,3825.862
2007,CZE,71937,260436,2114,230680,109195,465193,22729,7302,3859.533,4007.249
2008,CZE,75088,279265,2131,251195,113660,493826,22925,7389,4042.86,4169.613
2009,CZE,77256,307162,2843,272525,111973,529256,24178,15539,3954.32,4230.532
2010,CZE,77489,309010,4263,297610,94874,538550,23399,14483,3992.87,4294.134
2011,CZE,68782,310592,5518,316362,92085,549175,27597,11425,4062.323,4345.886
2012,CZE,70305,314699,7452,326381,89474,560017,28052,9333,4088.912,4366.918
2013,CZE,70323,313862,10264,332575,91100,573014,27889,10233,4142.811,4408.307
2014,CZE,69619,328149,12136,339105,93892,582289,27461,9966,4345.766,4498.287
2015,CZE,71913,348416,12351,348319,97527,596514,27773,8842,4625.378,4627.305
2016,CZE,74007,355843,12228,354830,99933,609297,27254,8552,4796.873,4751.817
2017,CZE,77597,377509,11101,370111,105751,630130,27466,8081,5110.743,4893.044
2018,CZE,87102,405005,9651,391445,115070,669650,28147,7732,5409.665,5027.325
2019,CZE,93589,437311,8715,425111,127912,724903,29510,8296,5790.348,5153.438
2020,CZE,106452,523843,8620,468217,153459,818888,34460,12390,5694.387,5222.539
1995,BGR,7.2,24.6,13.9,64.6,11.1,108,NA,6.8,1.2757,55.5427
1996,BGR,11.7,38.3,22.6,115.9,18.7,194.2,NA,11.1,2.1871,55.1679
1997,BGR,110.7,397.6,19.9,1083,173.9,1638.5,NA,98.6,19.0324,54.9091
1998,BGR,171.9,660.1,20,1689.2,286.3,2530.4,NA,151.1,26.46,54.9903
1999,BGR,198.6,1259,69.5,1896.9,332.9,3004.6,0.1,209,25.0429,55.4583
2000,BGR,339.4,1077.1,51.3,2240.7,428.8,3562.4,0.2,235.8,28.1249,56.6782
2001,BGR,529.7,1233.7,56.8,2277.7,612.2,3891.3,0.4,121.7,30.9867,58.0951
2002,BGR,934.7,1651.1,61.9,2982,,4321,NA,208.5,34.0687,59.7812
2003,BGR,388.6,2005,172.4,2682.6,421,4471.9,0.5,170.6,36.6379,62.2455
2004,BGR,452.1,2409.4,169.2,2693.2,839.4,4550.8,0.6,146.1,41.2013,65.9838
2005,BGR,469.1,2305,149.2,3052.2,881.8,4967.6,0.8,142.5,47.0172,70.1233
2006,BGR,525.2,2035.6,165.3,3517.8,1206.8,5799.3,0.9,153.1,53.6084,74.1551
2007,BGR,934.3,2567.5,169.5,3755.6,1068.6,6423.9,0.9,141.7,63.4549,78.2214
2008,BGR,887.5,3216.7,230.3,4359.5,1804.9,7759.5,1.3,204.2,72.7904,82.2131
2009,BGR,1467.8,2895.8,123.3,6758.8,205.7,9422.5,NA,297.4,73.1815,84.0107
2010,BGR,1499.8,3301.3,137.8,7236.3,180,9629.6,NA,361.8,74.8777,84.3537
2011,BGR,1473.2,3352.3,148.2,7410.1,139.3,9863.8,NA,373.8,81.1245,84.8142
2012,BGR,1458.4,3597.1,155.6,7475.2,189,10163.7,NA,407.8,82.6459,85.3438
2013,BGR,1589,3714.3,192.4,7976.4,228.4,11093.4,NA,412.2,82.2418,86.2447
2014,BGR,1764.2,4587.4,20.6,8385.4,216.3,11203.5,NA,400.5,84.1503,88.0731
2015,BGR,1819,4758.5,30.8,8708.1,199.8,11635.4,NA,394.4,89.5998,90.5228
2016,BGR,1854.8,4722.2,47.1,8938.9,197.7,11757.1,NA,449.3,95.3905,92.6364
2017,BGR,1939.9,4982.2,55.4,9254.8,243.7,12588.7,NA,457,102.7406,94.7006
2018,BGR,2110,5449.2,63.3,9715.1,275.8,13148.8,NA,499.1,109.9642,96.7947
2019,BGR,2123,5557.6,75.4,10116.1,539.9,13784.2,NA,503.7,120.3952,98.853
2020,BGR,2321.5,7060.1,83.8,11414.5,692.3,15756,NA,753.9,119.9511,100.4523
1995,EST,53,138.9,17,163.2,53.7,313,6.9,5.4,2.86164,9.48325
1996,EST,64,185,13.1,225.2,63.5,406.1,8.9,6.8,3.67997,9.8998
1997,EST,74.2,203.5,8.8,262.5,71.9,474.2,10.7,8.3,4.573,10.48598
1998,EST,90.5,234.9,7.3,295.8,84.6,538.5,11.9,10.1,5.10043,11.13953
1999,EST,92,275,6.1,363.6,94.8,630,14.7,17.1,5.40689,11.82162
2000,EST,104.7,279.3,5.3,379.2,90.8,648.6,14.8,15.4,6.17164,12.58936
2001,EST,105.3,303.1,4.6,398.6,109.8,698.5,13.6,16.4,6.98707,13.32409
2002,EST,114.9,342.3,5.4,441.4,127.6,764.3,10.6,16.6,7.82258,14.15853
2003,EST,119.1,373.8,5.5,502.4,145.4,852.7,6.7,25.8,8.74443,15.096
2004,EST,175.4,412.6,3.7,553.3,168.5,977.9,14.1,28.7,9.77746,16.05237
2005,EST,188.5,466.9,2.6,626,190.9,1090.2,14.7,28.1,11.34327,17.07458
2006,EST,220.8,584.8,2.4,743,225.8,1249.3,15.8,23.1,13.56893,18.0989
2007,EST,251.7,722.2,1.5,871.8,267,1479.8,17.1,29.7,16.40133,18.99164
2008,EST,320.8,872.4,1.6,1067.1,338,1872.7,19.5,61.3,16.61806,19.43337
2009,EST,349.1,837.6,3,1174,339.7,2122.5,18.5,192.6,14.13186,19.24486
2010,EST,349.9,836.1,6.2,1185.2,310,2033.6,16.6,115.8,14.7411,19.12525
2011,EST,344.9,873,7.5,1189.8,337.5,2041.9,15.4,89.3,16.67726,19.27956
2012,EST,339.3,938.5,6.6,1243.5,385.6,2152.6,14.5,107.4,17.91668,19.52846
2013,EST,347.9,989.8,6.5,1303.3,382.3,2200.3,13.9,107.3,18.91078,19.84478
2014,EST,362.7,1063.6,5.5,1380.2,399.6,2306,13.6,100.1,20.04823,20.28374
2015,EST,469.8,1171.3,4.7,1482.7,429,2572.7,13.5,113.2,20.63136,20.7823
2016,EST,512.9,1174.9,4.8,1589.2,464.9,2785,13.7,126.1,21.74791,21.3557
2017,EST,579.8,1250.1,4.9,1677.6,504.6,3001.9,13.9,140.4,23.83361,22.13654
2018,EST,680.4,1409.6,5.1,1830.1,552.3,3316.1,17.2,156.2,25.81768,22.9975
2019,EST,739,1577.3,5.8,1993.7,588.2,3626.2,17.7,187.8,27.73229,23.93879
2020,EST,765.9,1800.2,7.3,2195.3,654.4,4036.7,18.6,292.1,26.83452,24.80181
1995,NLD,4483,15381,1226,20030,20814,61708,2295,5494,329.547,475.9088
1996,NLD,4352,15239,1283,20570,18961,61755,2323,6805,344.625,492.2264
1997,NLD,4365,17081,1399,20325,19802,61544,2222,6185,369.046,509.6164
1998,NLD,4637,17944,1522,21505,20626,62990,1777,4871,394.295,528.1382
1999,NLD,4829,18965,1575,22441,21226,64484,1764,5003,419.459,547.3064
2000,NLD,5152,20930,1570,23377,22330,66851,1763,4685,452.007,565.7456
2001,NLD,5761,22997,1591,24967,23850,71694,1791,5041,481.881,583.3543
2002,NLD,5908,25799,1782,26720,26969,76048,1826,4028,501.137,597.7826
2003,NLD,6033,27647,1646,28158,28360,80394,1808,5341,512.81,610.2751
2004,NLD,6034,28384,1687,28990,28824,82196,1735,6141,529.286,621.5174
2005,NLD,5995,29540,1713,29880,28352,83236,1644,6577,550.883,631.3109
2006,NLD,6436,38846,2049,31022,27635,86100,1590,5835,584.546,642.778
2007,NLD,7904,41596,2181,33146,28013,89517,1566,4907,619.17,655.3792
2008,NLD,9609,42396,2182,35185,29508,95598,1483,4482,647.198,666.6838
2009,NLD,10597,46330,2165,37548,30820,102609,1439,6322,624.842,673.6715
2010,NLD,10716,49574,2249,39345,32126,107285,1396,7535,639.187,678.1221
2011,NLD,10576,51252,2327,41108,32171,109189,1242,7014,650.359,683.1858
2012,NLD,9983,53083,2354,43053,32235,110910,1101,7669,652.966,686.2905
2013,NLD,9537,53053,2496,44465,31648,113533,963,9192,660.463,688.9499
2014,NLD,9271,53474,2840,46283,30643,114457,814,9529,671.56,692.7065
2015,NLD,11443,53267,3128,45048,29561,116259,640,9154,690.008,702.1299
2016,NLD,12008,51352,3350,46446,29640,119080,565,8673,708.337,711.2861
2017,NLD,12599,53792,3446,47023,30383,120374,536,8003,738.146,722.139
2018,NLD,13338,56857,3510,48436,31545,123266,513,7004,773.987,733.8431
2019,NLD,14767,59837,3570,50866,33125,128889,483,6674,813.055,747.1426
2020,NLD,16560,64106,3824,53295,34717,138922,458,7334,800.095,758.3699
1995,PRT,751,4850.8,387.6,4779.1,1823.9,10617.9,1627.1,643.1,89.0286,144.1694
1996,PRT,825.5,5372.3,410.5,5394,2004.5,11541,1481.6,698,94.3516,148.0853
1997,PRT,903.3,5911,488.6,5701.1,2076.4,12187,1604.5,677.2,102.331,152.874
1998,PRT,1313.2,6775.9,526.2,6788.7,2192,13672,1120.5,671.9,111.3534,158.5453
1999,PRT,1424.9,7281.9,605.5,7044.2,2215.1,14532.1,1234,742.1,119.6033,163.9983
2000,PRT,1561.9,8056.5,612.2,7840,2419.6,15904.7,1389.4,815,128.4145,169.4295
2001,PRT,1770.1,8810.6,673.4,8651.6,2509.4,17392.7,1545.2,883.8,135.775,174.2356
2002,PRT,2021.4,9349.7,676.2,9679.3,2712,19108.3,1704,978.4,142.5543,177.8204
2003,PRT,2107.1,10293.3,795.2,11092.9,2140.3,21041.5,2059.9,1476.5,146.0679,180.2041
2004,PRT,2339.4,11155.4,666.7,11960.7,2303.3,22395.1,2117.4,1624.5,152.2484,182.5102
2005,PRT,2469.9,11724.8,602.8,13101.3,2169.8,23916.9,2249.7,1842,158.5527,184.0878
2006,PRT,1932,11794.2,606.6,14590.3,2199.3,25127.4,2568.7,1868.7,166.2605,185.6922
2007,PRT,1999.3,12493.7,564.1,15683.6,2214.6,26098.2,2550,1722.6,175.4834,187.006
2008,PRT,2168.5,13077.6,532.8,16567.9,2271.3,27223.3,2645.3,1586,179.1028,188.0813
2009,PRT,2260.8,14089.2,505.8,18102.2,2694.1,30131.4,2898.7,2063.5,175.4164,187.571
2010,PRT,2231.9,13431.7,437,19034.5,2658.9,31186,3042.5,2279.2,179.6108,187.3223
2011,PRT,1860.3,12248.9,427.8,20166.3,2677.2,31609.7,3005.7,2140,176.0962,186.2106
2012,PRT,1812,11149.6,404.1,19405.9,2606.2,31074,3044.4,2616.4,168.2956,183.6854
2013,PRT,1792.7,11073.4,357,21420.8,2548,33119.2,3111.8,2764.9,170.4923,182.0993
2014,PRT,1799.9,10887.8,361.4,21723.5,2443.6,32889,3141,2267.6,173.0537,182.079
2015,PRT,1841,11066.9,350.5,22297,2595.1,33242.7,3278.4,1790.3,179.7132,183.0063
2016,PRT,1936.5,11387.8,344.2,22766.8,2641.5,33668.7,3331.7,1536.7,186.4898,184.7559
2017,PRT,2058.6,12240.6,337.5,22763.4,2699.5,33705.2,3333.3,1341.3,195.9472,187.5531
2018,PRT,2207.9,13252.3,334.7,23338.8,2626.4,34741.5,3497.7,1258.2,205.1841,190.5943
2019,PRT,2471.7,13915,344.6,24136,2874.5,36158.4,3575.2,1214.2,214.3746,193.5649
2020,PRT,2571.5,14481.4,367.2,25026.8,3053.9,37699.3,3726.1,1292.2,200.0876,195.7853
1995,HRV,2126.5,9268.6,133.5,9239.9,2215,15606.1,1081.6,440.2,118.8275,NA
1996,HRV,2446.7,9436.3,155.1,10150.5,2437.6,17247.9,1185.2,490.8,130.8283,NA
1997,HRV,2817.2,10249.4,178.7,10987.9,2673.8,18889,1278.8,539.4,148.4157,NA
1998,HRV,3102.1,11751.4,197,14148.3,3323.8,23622.9,1655.2,678.4,164.1274,NA
1999,HRV,3340.7,12486.3,211.7,14985.1,3529.9,25097.1,1751.5,721.5,168.3869,NA
2000,HRV,3288.9,12063.6,206.7,14427.1,3401.7,24269.7,1686.5,695.8,180.7824,NA
2001,HRV,3868,12050.8,226.6,17275.9,3958,28822.1,2021.5,826.6,194.138,285.863
2002,HRV,4586.3,13232.2,273,22481.5,5062,36917.6,2639.8,1068.9,213.1223,295.6836
2003,HRV,4856.2,14422.8,410.3,20188.9,4978.3,34783.4,2402,973.4,234.5784,307.8985
2004,HRV,4862.6,16317.8,405.7,22011.3,5515.2,37525.1,2624.1,1067.1,253.1939,319.0864
2005,HRV,4604.9,17015.9,342.8,22073.6,5336.4,37239.7,2595.6,1251.4,272.3575,330.6176
2006,HRV,5429.7,17626.9,400.7,25296,5755.4,41964.6,2992.6,1213.5,296.9148,341.0721
2007,HRV,5563.4,19196.1,308.9,26565.9,6080.9,43814.1,3101.5,1269,324.7833,349.3704
2008,HRV,5616.5,19627.9,343.2,28564,6488.8,46965,3316.1,1338.8,349.1573,355.8796
2009,HRV,6533,20656.1,423.3,29912,6949.3,50004.4,3477.6,1433.8,333.3325,355.7796
2010,HRV,6647.8,20696.5,419.2,29598.7,6917.2,49802.7,3406.5,1464.9,332.2229,352.7751
2011,HRV,7375.2,21017.2,451.9,29986.6,7292.4,51604.9,3571.4,1673.5,337.5718,350.8744
2012,HRV,6030.5,21448.5,372.1,30338,6983.9,50233.2,3629.3,1507.7,334.5919,349.2482
2013,HRV,6365.3,21291,437.6,29894.8,6847.8,49951.8,3535.4,1556.4,335.9552,349.5593
2014,HRV,7017.9,21424,315.2,30248.7,7268.1,51210,3640.6,1534.2,335.2922,350.633
2015,HRV,7573.5,22790.3,313.4,31091.2,7650,53138.4,3758.4,1594.7,344.0344,353.3937
2016,HRV,6150,22637.1,310.1,30991.7,7051.8,50835.6,3748.8,1578.6,355.9203,358.511
2017,HRV,6378.9,23624.8,354.6,31720.4,7182.2,52174.4,3801,1609.8,372.3549,362.9653
2018,HRV,7406.2,24692.4,358.2,32763,6815.9,54750.8,5046.2,1491,390.856,369.6474
2019,HRV,7853,26441,317.1,34502,7038.1,57362.1,5180.1,1518.9,412.2283,378.7673
2020,HRV,8154.1,27806.4,373.1,35682.7,7032.6,59303.9,5247.8,1896.8,378.3412,385.7114
1995,ESP,2052,24146,574,30416,10097,65961,9193,11197,460.588,741.441
1996,ESP,2254,25910,364,32855,10812,68973,9884,10397,489.203,757.921
1997,ESP,2409,26528,577,34282,11303,71317,10298,9908,519.268,775.762
1998,ESP,2528,28377,546,36048,11936,73868,10773,9304,555.993,795.943
1999,ESP,2633,30505,405,38332,12810,77370,11363,8785,595.723,819.748
2000,ESP,2858,33336,268,40602,14010,82247,12398,9014,647.851,843.652
2001,ESP,3160,35378,219,42627,15136,87398,13034,9983,700.993,871.892
2002,ESP,3909,38360,225,46159,15629,94604,13743,11440,749.552,898.793
2003,ESP,4839,41519,392,49248,16920,101961,14464,12010,802.266,930.695
2004,ESP,5149,46921,515,51879,18431,109816,16469,13036,859.437,962.18
2005,ESP,5520,52471,572,56076,19834,117948,17495,13928,927.357,996.881
2006,ESP,6149,56717,779,61243,21256,127300,18393,14975,1003.823,1032.337
2007,ESP,7375,61280,768,65710,23297,138115,19617,16401,1075.539,1071.796
2008,ESP,8918,67344,865,70164,24630,153157,20594,22183,1109.541,1103.671
2009,ESP,9902,72997,1038,75516,25676,172693,21616,32991,1069.323,1117.05
2010,ESP,9387,71136,1163,80018,25948,179653,22622,34503,1072.709,1131.383
2011,ESP,8511,69306,1201,83893,25322,180710,23348,32734,1063.763,1139.237
2012,ESP,7557,64734,765,87827,23909,183705,23871,34561,1031.099,1136.646
2013,ESP,6758,63347,602,92129,23993,185320,24568,32213,1020.348,1131.854
2014,ESP,6895,63507,414,95342,24785,185261,24979,27664,1032.158,1131.937
2015,ESP,7567,66489,362,98893,25600,185084,25268,22563,1077.59,1135.382
2016,ESP,8287,67724,325,102571,26669,189250,25546,20459,1113.84,1140.481
2017,ESP,8865,69312,334,106646,27813,193720,25844,18746,1161.867,1148.463
2018,ESP,9979,72157,240,112634,29367,203334,26736,18646,1203.259,1157.644
2019,ESP,11669,75929,262,118706,31373,216598,28268,20085,1244.375,1169.317
2020,ESP,11578,85383,288,122758,34663,247662,28769,42286,1121.948,1171.635
1995,SWE,,114612,,,,481496,,,1906.773,2641.635
1996,SWE,,121773,,,,474576,,,1956.434,2701.718
1997,SWE,,122607,,,,469931,,,2047.269,2769.758
1998,SWE,,126921,,,,469218,,,2152.905,2848.082
1999,SWE,,134931,,,,503921,,,2264.494,2930.5
2000,SWE,,139834,,,,525035,,,2408.151,3019.612
2001,SWE,68525,154902,14402,243298,131784,542070,13204,48165,2503.731,3113.198
2002,SWE,67242,168076,14220,254212,145994,568272,13597,48889,2598.336,3206.059
2003,SWE,69482,179913,14546,277964,156842,613614,15777,52857,2703.551,3299.595
2004,SWE,70936,182060,14261,286361,158530,630579,16106,57072,2830.194,3393.868
2005,SWE,72378,189278,10937,294772,165816,642129,15990,58080,2931.085,3485.368
2006,SWE,76900,198682,11045,303711,168602,659051,16083,57596,3121.668,3581.85
2007,SWE,78810,211179,10639,318666,168839,663967,15977,44569,3320.278,3675.956
2008,SWE,81808,223770,10336,338160,167569,678900,15931,36396,3412.253,3756.314
2009,SWE,84187,232945,10279,359550,166025,714768,16099,47743,3341.167,3813.36
2010,SWE,86554,238724,10585,365349,160742,725896,15326,54034,3573.581,3879.966
2011,SWE,89781,250344,10846,371252,161841,731493,14689,48902,3727.905,3944.687
2012,SWE,92209,255692,12381,398558,157112,763778,14496,53348,3743.086,4003.655
2013,SWE,95657,263830,12715,420597,162309,801347,14141,57395,3822.671,4068.983
2014,SWE,98918,275984,13451,429452,166988,819479,13164,54625,3992.73,4145.88
2015,SWE,103331,290955,13528,444752,174215,857371,12514,55185,4260.47,4235.613
2016,SWE,107850,303129,13128,467833,174213,907289,12029,56997,4415.031,4329.822
2017,SWE,112200,316642,12930,487774,175527,924082,11612,58799,4625.094,4430.462
2018,SWE,120895,338052,13713,506720,179132,944334,10988,57649,4828.306,4526.754
2019,SWE,124400,351614,13803,523688,180714,957251,10502,53561,5049.619,4619.545
2020,SWE,126030,368775,15699,540967,184706,989717,10079,64999,4987.264,4696.681
1995,LVA,NA,126.2,NA,,NA,491.2,NA,NA,4.05934,11.51789
1996,LVA,NA,136.1,NA,,NA,605.7,NA,NA,4.68221,11.87441
1997,LVA,NA,194.9,NA,,NA,684.4,NA,NA,5.39598,12.33395
1998,LVA,NA,231.9,NA,,NA,816.8,NA,NA,6.01466,12.97203
1999,LVA,NA,241.4,NA,,NA,950.6,NA,NA,6.27263,13.70476
2000,LVA,NA,265,NA,,NA,894.4,NA,NA,6.86849,14.5648
2001,LVA,95.8,237.2,6.1,520.2,149.3,884.8,22.9,33.6,7.47097,15.52421
2002,LVA,99.9,304,8.9,566.7,163.3,944.6,23.3,33.8,8.40637,16.54946
2003,LVA,114,306.8,9.4,579.3,172.7,993.4,22.7,34.1,9.57179,17.70207
2004,LVA,147.8,364,10.9,628,189.4,1116.2,26.1,44.9,11.09672,19.02487
2005,LVA,149.9,531.6,11,707.2,225.7,1263.6,29.7,52.1,13.66228,20.5068
2006,LVA,170,727.9,13.6,858.4,271,1517.7,36,56.6,17.19998,22.04592
2007,LVA,202.1,910.7,22.6,1008.7,310.8,1795.2,42,67.4,22.70384,23.48898
2008,LVA,180.4,1055.2,31.6,1251.6,450.6,2207.8,50.9,85.8,24.52791,24.35162
2009,LVA,195.2,857.1,17,1510.3,526.3,2635.4,53.3,204.9,19.00001,23.87087
2010,LVA,180.4,734.9,23.1,1558.6,429.4,2548.8,51.4,168.7,18.08798,23.27905
2011,LVA,176,840.2,30.2,1593.4,384.7,2485,50.5,101.5,19.76384,23.03346
2012,LVA,165.7,852.9,34.8,1647.1,380.7,2490.2,47.8,69.3,21.92446,23.06296
2013,LVA,189.2,835.1,31.5,1701.4,423.5,2628.6,46,90.1,22.74901,23.33142
2014,LVA,214.2,898.3,29,1714.9,453.5,2700.9,44.1,99.9,23.6258,23.70877
2015,LVA,288.3,915.2,26.2,1759.8,507.1,2894.2,42.9,117.6,24.57213,24.29845
2016,LVA,302.6,935.3,27.7,1793.4,547.7,2996.5,42.6,132.1,25.37132,24.80294
2017,LVA,320.5,947,30.3,1865.4,581.1,3151.2,46.7,131.3,26.98443,25.44271
2018,LVA,366.4,1171.5,27.1,1981.6,630.7,3386.6,51.8,135.5,29.15356,26.16571
2019,LVA,371.6,1295.5,20.9,2136.1,724.9,3676.7,55.1,152.7,30.64722,26.99976
2020,LVA,382.9,1401.8,22.6,2276.5,852.4,3981.5,59,170.1,29.45682,27.58607
1995,LTU,,318.1,NA,,,780.6,NA,NA,7.76093,16.40381
1996,LTU,,414.8,NA,,,1024.2,NA,NA,9.71115,17.16254
1997,LTU,,535.4,NA,,,1286.4,NA,NA,11.72243,18.09126
1998,LTU,,707.6,NA,,,1604,NA,NA,13.02102,19.12653
1999,LTU,,746.9,NA,,,1712.3,NA,NA,12.71058,20.19699
2000,LTU,103.2,660.7,17.4,1023.5,297.6,1674.6,74.5,56.8,13.35145,21.25021
2001,LTU,70.6,776.8,39.8,1000.9,288.2,1647.4,83.4,101,14.17701,22.4299
2002,LTU,71.3,770.9,50.6,957.6,290.4,1611.6,84,60.4,15.18239,23.82158
2003,LTU,78.1,835.1,50.3,1033.8,315.8,1702.7,77.3,70.6,16.65,25.25781
2004,LTU,166.5,751.7,10.9,1003.5,367.7,1863.7,92.2,71.3,18.21967,26.73795
2005,LTU,210.6,1038,18.8,1133.5,442.4,2078.9,96.4,94.8,20.97992,28.27429
2006,LTU,237,1100.4,20.5,1214.4,774.6,2546.4,101.2,101.7,24.05329,30.02003
2007,LTU,306.7,1328.4,20.9,1643,990.8,3332.4,134.8,122.6,29.01122,32.13428
2008,LTU,565.2,1619.5,19.9,1889.8,1277.6,4218.5,151.4,191.3,32.66007,33.8737
2009,LTU,708.5,1487.9,28.7,1978.8,1451.2,4789.4,154.2,296.4,26.89701,34.17035
2010,LTU,569.3,1508.7,36.2,1819.5,1404.8,4450.9,138.8,240.2,28.03383,34.20163
2011,LTU,473.5,1622.3,46.9,1833.3,1416.8,4388.2,135.3,189,31.31717,34.5543
2012,LTU,400.9,1558.8,38.1,1994.2,1399.9,4439.9,133.1,179.6,33.41016,35.02183
2013,LTU,345.1,1583.4,35.3,2053,1383,4374.1,131,161,35.03954,35.69699
2014,LTU,352,1621.5,27.1,2317.7,1419.2,4596.4,126.9,145.8,36.58131,36.43708
2015,LTU,366.2,1759.8,19.7,2187.4,1496.5,4577.3,126.8,211,37.3457,37.19574
2016,LTU,392.8,1848.9,19.8,2312.3,1573.2,4768.6,125.8,192.1,38.88986,37.91274
2017,LTU,448.5,1936.1,22,2480.4,1701.5,5192.1,130,232.2,42.2763,38.85192
2018,LTU,660.7,2175.8,31.4,2792.2,1842.3,5953.1,133.1,282.1,45.5148,40.14579
2019,LTU,828.6,2473.3,32.7,3045.7,1901.9,6550.2,141.5,327,48.85987,41.90823
2020,LTU,1035.5,2942.6,34.1,3337.2,2333.5,8058,151.6,863.7,49.50722,43.666
1995,LUX,365.9,754.9,0,1657.5,275.9,2507.2,0.3,116.4,15.23944,27.92704
1996,LUX,393.4,826.6,0,1716.2,292.5,2632.8,0.3,135.4,16.03715,28.90298
1997,LUX,422.7,880.2,0,1832.4,296.4,2793.4,0.2,139,17.34921,30.07173
1998,LUX,483.7,907.8,0,1862.7,314.5,2905.2,0.2,135,18.13102,31.41508
1999,LUX,589,971.1,0,2016.9,355,3220.7,3.4,125,20.54776,33.09816
2000,LUX,658,999.9,0,2081.3,392,3404.4,3.4,132.2,22.98603,34.81098
2001,LUX,708,1174.9,0,2277.4,424.1,3697.7,3.4,134.9,23.87989,36.51674
2002,LUX,833,1242.4,0,2499.3,466.3,4114.9,3.6,158,25.01109,38.0994
2003,LUX,893.4,1364.3,0,2745.5,488.8,4547.5,4,200.8,26.22729,39.71644
2004,LUX,925.4,1524.3,0,2910.1,532.8,4832.4,3.7,236,28.18939,41.43494
2005,LUX,1011.2,1648,0,3114.1,565.8,5196.8,4.5,262,30.28099,43.05341
2006,LUX,1094.8,1683,0,3285.8,598,5498.5,4.7,275.3,34.17505,44.66685
2007,LUX,1105.8,1769.3,0,3449.7,589.2,5668.8,4.8,273.6,37.6419,46.24162
2008,LUX,1381,1895.3,0,3648.3,624.1,6200.2,4.4,283.8,40.00956,47.68231
2009,LUX,1442.2,2062.4,0,3961.9,776.6,6906.9,6.6,420.7,39.05074,48.59593
2010,LUX,1501.8,2109.8,0,4192.6,821.5,7269.9,7.4,419.4,42.40272,49.2966
2011,LUX,1439.3,2182.3,0,4468.9,859.2,7553.1,6.9,425.9,44.32347,50.29477
2012,LUX,1454.6,2342.5,0,4772,925.3,8031.4,6.5,495.2,46.52624,51.43757
2013,LUX,1684,2559.2,29.4,4475.5,1495.9,8683.5,0.9,569.5,49.09449,52.56591
2014,LUX,1729.9,2621.9,13.6,4744.7,1535.2,9058.2,0.9,579.8,51.79132,53.85551
2015,LUX,1808.2,2657.6,23.9,5046.3,1560.8,9468.6,1,578.6,54.1423,55.06462
2016,LUX,1863.8,2679.7,27.6,5130.3,1551.9,9637.8,0.9,570.1,56.20807,56.43947
2017,LUX,2013.2,2901.9,43.6,5453.3,1674,10269.4,1.1,588.9,58.16878,57.82412
2018,LUX,2154.1,3083.2,43.2,5679.6,1808,10799,1.1,600.9,60.36221,59.06032
2019,LUX,2270.6,3231,49.1,5992.3,1924.8,11437.3,1.2,637.8,62.70417,60.59445
2020,LUX,2351.3,3766,74.5,6420.1,2400.8,13238.2,1.1,1320.6,64.22114,61.99508
1995,HUN,168769,334395,66954,406537,160209,1036170,67906,69544,5836.48,22027.27
1996,HUN,164821,381398,64446,448485,182127,1114178,74639,70973,7122.31,22554.22
1997,HUN,182705,461241,89781,550068,205007,1324254,86413,67348,8834.56,23153.08
1998,HUN,227559,554495,39728,697121,226257,1560073,115614,88009,10442.82,23855.81
1999,HUN,260549,589097,49733,640061,374986,1751899,128849,87872,11637.55,24602.31
2000,HUN,271759,698590,64355,736162,399570,1943478,144179,82930,13324.05,25435.42
2001,HUN,294142,765345,51386,853865,506442,2206321,168160,79531,15398.7,26379.86
2002,HUN,333444,949883,105689,1038008,595319,2655855,191241,80655,17433.86,27445.75
2003,HUN,406170,1111193,142300,1133312,687285,3002274,211166,87773,19133.81,28538.84
2004,HUN,397185,1167156,191340,1265917,744422,3315176.5,249183,99939,21114.16,29728.14
2005,HUN,425337,1285146,234266,1435073,795276,3743245,270248,113439,22600.07,30813.51
2006,HUN,535474,1376298,253924,1591981,851057,4186115,291111,118419,24352.91,31739.73
2007,HUN,577534,1269015,221852,1778048,896808,4423655,318562,145098,25749.4,32470.58
2008,HUN,630772,1332636,184690,1986632,955047,4733453,336172,168897,27258.34,32979.68
2009,HUN,636760,1384678,197509,1920005,970298,4787811,340394,185188,26529.88,33110.83
2010,HUN,702132,1366052,169748,1984874,1037362,4733788,350254,219144,27496.69,33141.22
2011,HUN,694149,1447718,151792,2106992,1041675,4809936,358155,204104,28549.8,33203.61
2012,HUN,649441,1474729,144966,2269562,1007763,4807094,369887,139347,29006.33,33240.72
2013,HUN,646511,1520343,146519,2392650,1013757,4978460,379310,136197,30362.7,33519.25
2014,HUN,651983,1571941,120098,2420446,1018814,5017749,378268,154691,32815.21,34073.89
2015,HUN,666786,1799222,92508,2466481,1023668,5095228,376472,129074,34975.31,34765.95
2016,HUN,718593,1707419,57732,2557042,987230,5141301,372828,106246,36214.07,35444.04
2017,HUN,790127,1839412,56447,2670115,1000704,5379320,373913,115914,39281.36,36463.34
2018,HUN,893558,2016463,34233,2856929,1013067,5679426,378395,108461,43392.44,37828.96
2019,HUN,977382,2160394,38993,3023241,1036311,6031681,383505,120716,47530.61,39428.62
2020,HUN,1130655.3,3083835,46088,3141315.1,1121032.5,6525823.8,391954,179229,48276.36,40731.46
1995,MLT,NA,116.1,NA,NA,NA,375.9,NA,NA,3.05966,4.95138
1996,MLT,NA,131.2,NA,NA,NA,433.3,NA,NA,3.20969,5.11997
1997,MLT,NA,148.9,NA,NA,NA,456,NA,NA,3.41066,5.28512
1998,MLT,NA,159.9,NA,NA,NA,480.3,NA,NA,3.62917,5.47112
1999,MLT,NA,167.2,NA,NA,NA,503.9,NA,NA,3.82956,5.63624
2000,MLT,NA,196.2,NA,NA,NA,512.6,NA,NA,4.15335,5.85302
2001,MLT,52.2,206.1,4.8,299.3,68.9,555,77.4,16.7,4.28584,6.04464
2002,MLT,57,245,9.7,306,73.7,593,78.5,36,4.5156,6.15922
2003,MLT,55.8,263.7,12.7,318.8,84,623.2,83.2,30.7,4.78752,6.31792
2004,MLT,57,274.3,13.3,332.9,88.2,640,85.3,29,4.89555,6.47074
2005,MLT,55.2,309,7.5,360.2,94.8,677.2,92,29.9,5.15925,6.65086
2006,MLT,55.9,325.6,8.7,378.6,96.6,714.5,94.8,30.1,5.403,6.82859
2007,MLT,57.5,315.6,12.9,419.9,106.6,770.4,98.3,26.3,5.79028,7.04117
2008,MLT,72.2,322.7,15.7,441.4,104,815.7,102.8,27.7,6.20602,7.25677
2009,MLT,74.1,315,9.2,489.5,102,870.7,107.7,31.3,6.25964,7.45953
2010,MLT,76.4,346.7,9.9,520.6,101.8,906.1,113.7,31.9,6.8158,7.7116
2011,MLT,79.3,370.4,12,555.7,101.5,944.2,117,32.6,6.9246,7.92972
2012,MLT,72.8,395,5.5,595.8,104.8,1004.8,129,36.9,7.36446,8.21086
2013,MLT,77.1,434.7,7,628.5,110.2,1054.2,129.6,43.8,7.94435,8.55492
2014,MLT,98.7,484.1,10.5,651.4,110.5,1110.4,131.9,40.9,8.7511,8.98748
2015,MLT,105.3,538.8,20.9,678.7,108,1152.8,134.1,42.3,9.99671,9.64332
2016,MLT,96.6,558.2,16.3,738.3,107.2,1200.5,140.8,36.1,10.54113,10.27648
2017,MLT,103.6,609.7,16.2,796.8,107.7,1279.5,150.1,30.9,11.95468,10.92758
2018,MLT,111.3,661,18.3,841.2,114.5,1351.8,155.9,31.5,12.95712,11.61574
2019,MLT,122.3,732.1,19.6,910.8,123,1452.5,158.4,27.1,14.04223,12.29689
2020,MLT,135.3,939.9,22.3,942.4,134.1,1569.4,165.7,30.3,13.05987,12.69397
1995,POL,,6811,,,,65599,,,345.06,830.675
1996,POL,,11748,,,,80127,,,431.897,863.807
1997,POL,,16127,,,,95558,,,522.582,904.864
1998,POL,,20089,,,,105711,,,607.103,953.975
1999,POL,,25544,,,,122677,,,674.53,996.688
2000,POL,,28878,,,,132306,,,748.483,1042.995
2001,POL,10573,33274,1168,88376,21807,145028,13313,6931,781.548,1087.549
2002,POL,11179,35930,1170,90433,23624,150312,13823,7183,812.214,1129.339
2003,POL,11565,36668,1248,100336,22104,159957,14426,7380,847.152,1173.27
2004,POL,9229,39379,988,102380,23821,164047,15350,9414,933.091,1216.406
2005,POL,11826,43617,1220,100936,26061,169251,16178,9815,990.53,1255.6
2006,POL,13831,49447,1031,104325,27711,179866,19420,9688,1069.431,1305.841
2007,POL,15073,53255,1048,105434,28320,185222,20004,11271,1187.508,1364.199
2008,POL,15817,63789,846,119427,27804,199373,21725,9024,1285.571,1426.801
2009,POL,17319,68649,814,129318,30851,221059,23533,14327,1372.025,1481.074
2010,POL,18416,71900,874,138831,38950,235872,23452,9449,1446.844,1537.009
2011,POL,18195,73163,890,143944,39572,242983,25063,8623,1565.251,1604.224
2012,POL,18932,75101,1133,147703,41440,254203,28896,8861,1623.442,1659.249
2013,POL,21203,76807,1087,154248,41666,265525,30954,8862,1646.724,1705.988
2014,POL,24160.8,79777.5,989,158929.3,42685.7,274041.6,31205,8577,1711.244,1760.083
2015,POL,25550.5,84080.9,916.6,163743.3,45397.8,282885.6,32240.4,8581.7,1801.112,1816.665
2016,POL,46142.8,86197.9,843.3,169891.2,45906.7,309662.6,32654.5,7986.4,1863.487,1868.946
2017,POL,53213,93179.4,779.5,178639.9,47186.7,326874.8,33120.4,7416.9,1989.835,1930.127
2018,POL,54668,101941,693,194944.8,47534.4,343380.9,33915.2,4738.9,2121.555,2002.176
2019,POL,64897.6,111890.3,620.5,217931.3,46521.1,382504.7,37480.6,6011,2293.199,2082.113
2020,POL,77376.9,125420.5,605.1,235966.4,54215.8,422532.1,37842.5,6693.7,2338.996,2156.967
1995,ROU,,181.3,NA,,,765.3,,,7.611,409.4246
1996,ROU,,261.9,NA,,,1102.6,,,11.388,411.5614
1997,ROU,,496.5,NA,,,2637.8,,,25.5,411.4073
1998,ROU,,882.6,NA,,,4248.7,,,37.008,412.2941
1999,ROU,,2083.1,NA,,,6274.3,,,55.126,415.6296
2000,ROU,,3386.1,NA,,,8411.6,,,80.873,424.4547
2001,ROU,885.8,4824.5,5,9781.5,826.7,12604.6,83.4,359,117.391,434.9066
2002,ROU,974.9,6220.4,15.6,12184.2,1013.4,15407.5,106.2,353.4,152.272,446.8331
2003,ROU,1346.6,6765.1,9.1,14230.7,1454.3,18572.3,123.5,414.6,191.918,464.5436
2004,ROU,1750.1,7915.5,10,18637.5,1762.8,24236,161,577.3,244.688,490.0683
2005,ROU,2582.3,9405.1,14.6,21527.5,2468.7,29008,175.3,558.8,286.862,517.5095
2006,ROU,3400.7,11289.7,20.4,24475.7,3108.3,34172.8,208,714.2,342.763,550.3748
2007,ROU,4510.1,15513.7,29,30067.5,4232.4,42677.3,233.9,723.4,425.691,590.4634
2008,ROU,5875.5,19700,37.2,42555.1,5586,59249,336,1040.4,539.835,630.0691
2009,ROU,6465.2,21416.3,29.7,51353.3,5871.5,69500.4,411.5,1247.4,530.894,644.1601
2010,ROU,6590.7,21923.3,29.4,54503.9,6229.4,73444.9,437.4,1103.6,528.515,649.3484
2011,ROU,5523.3,23232.9,26,56063.7,5419.1,72444.9,476,1212.5,558.89,655.4748
2012,ROU,5617.5,22839.3,26.8,57145.5,5344.5,73415.8,479.4,1219.6,591.799,666.4795
2013,ROU,5228.6,25572.7,28.1,56943.1,5393.2,73198.9,491.1,1271.8,634.968,681.4283
2014,ROU,6855.4,26737.5,31.3,57867.5,5818.1,76171.4,490.5,1196.7,669.704,700.4371
2015,ROU,8174.4,29936.9,66.1,60599.4,7018.6,81577.3,559.7,938.5,711.93,725.9177
2016,ROU,10218.2,30885.5,56.8,63948.4,8231.1,87976.1,590.6,925.7,763.653,755.0834
2017,ROU,9954.9,37093.6,25.9,75369.6,8506.4,100004.9,682.4,657,857.896,789.2705
2018,ROU,11258.6,44295.6,19,82190.8,10315.1,110844.9,943,585.6,951.729,820.0204
2019,ROU,14525.8,52974.4,33.3,92545.4,11110.8,125409.2,1134.5,534.6,1058.973,853.3882
2020,ROU,16676.2,58396.2,16.1,105257.1,12760.3,145618.6,1385.9,678.5,1058.926,880.0152
1995,SVN,170.7,703.1,0,1144.8,286.4,1837.6,52.8,108.4,10.56081,NA
1996,SVN,190.4,798.2,0,1301.6,326,2097.7,51.8,123.9,12.14729,NA
1997,SVN,242.4,908.7,0,1479,373.4,2425.8,58.5,148.1,13.83653,26.03739
1998,SVN,267.3,1027.3,0,1638.9,417.3,2691.8,64.8,164.5,15.35177,26.85563
1999,SVN,300,1130.7,0,1846.2,461.8,3021.9,72.8,181.3,17.22658,27.90396
2000,SVN,372.2,1249.2,0,2063.6,515.6,3363.4,80.1,167.6,18.85312,28.91113
2001,SVN,384.5,1415.5,0,2309.5,588.8,3738,84.4,181,21.1477,29.88361
2002,SVN,459.7,1582.3,0,2606.4,646.2,4170.6,90.4,178.4,23.54861,30.80838
2003,SVN,511.6,1701.7,0,2799.3,705.5,4514.4,92.4,182.5,25.61328,31.78367
2004,SVN,547.4,1790.3,3.5,2980.8,778.6,4831.5,98.6,185.3,27.62819,32.8218
2005,SVN,569.8,1872.9,3.4,3118.5,821.5,5149.9,125.4,192.9,29.11356,33.84995
2006,SVN,589.5,1989.8,3.9,2955.6,869.1,5397,532.5,135.8,31.47034,35.03381
2007,SVN,617.1,2077.5,4.4,3166.5,901.4,5690,547.5,121.3,35.07346,36.32355
2008,SVN,703.4,2340.6,4.6,3474.4,994.7,6251.2,622,118.6,37.9257,37.72154
2009,SVN,818.4,2513.7,4.2,3664,988.8,6667.9,624.1,224.6,36.25493,38.59933
2010,SVN,867.2,2494.3,5.7,3812.1,982.5,6988.8,632.6,261.6,36.36391,39.08979
2011,SVN,902.6,2589.9,5.5,3956.9,962,7258.3,636.8,364.2,37.05857,39.41413
2012,SVN,823.3,2511.7,6.4,3973,927.6,7065.3,605.1,321.1,36.25327,39.64685
2013,SVN,776.4,2472.8,7.8,4090.7,892.5,7115.5,599.2,322.3,36.45433,39.92886
2014,SVN,791.1,2440.5,8.9,4148.5,856.7,7055.7,583.6,268.3,37.63429,40.32163
2015,SVN,766.9,2591.8,9.2,4192.6,871.9,7103.4,588.7,235.1,38.85264,40.72738
2016,SVN,774.7,2709.5,9.1,4242.8,909.1,7132.3,582.4,222.7,40.44322,41.15792
2017,SVN,797.1,2821.6,10.2,4317,952.6,7326.7,591,213.3,43.01134,41.76167
2018,SVN,822.1,3009,10.9,4554.3,952.5,7605.7,582.2,201.4,45.86425,42.6463
2019,SVN,890.5,3226.9,12.3,4763.6,971.8,7965.9,592.8,202.9,48.3967,43.79148
2020,SVN,936,3716.2,13.4,5163.2,1126.7,8774.2,645.8,286.6,46.91805,44.84825
1995,SVK,,801.1,NA,,,2976.6,NA,NA,19.7677,NA
1996,SVK,,1429.6,NA,,,3324.2,NA,NA,22.0329,37.95278
1997,SVK,,1518.6,NA,,,3562.9,NA,NA,24.4561,39.62373
1998,SVK,,1584.6,NA,,,3857,NA,NA,26.6883,41.53651
1999,SVK,,1563.3,NA,,,4285.8,NA,NA,28.5836,43.01779
2000,SVK,,1762.8,NA,,,4503.5,NA,NA,31.6611,44.30344
2001,SVK,339,1961.8,0.2,2636,673.1,4916.5,371.6,44.5,34.3655,46.09117
2002,SVK,401.3,2161.5,0.2,2813.3,764.5,5454.4,388.8,48.5,37.3295,48.08045
2003,SVK,496.3,2293.5,0.4,2514.4,1280,5662.2,286.9,67.8,41.4795,50.19823
2004,SVK,531.2,2336.2,0.5,2778.5,1566.8,6409.7,328.4,77.4,46.1752,52.34416
2005,SVK,664.4,3218.6,0.5,3397.9,1320.4,7211.6,392.6,92.5,50.4857,55.47967
2006,SVK,629,3739.5,0.6,3370,1428.4,7327.6,425.5,100.2,56.3614,59.03059
2007,SVK,762.4,3908.3,0.6,3865.5,1177.2,8186.8,500.7,60.5,63.1634,62.84192
2008,SVK,791.7,4681.3,0.5,4094.4,1223,8529.3,533.4,67.1,68.5905,66.57965
2009,SVK,888.9,4745.4,0.6,4539.4,1417.8,9660.7,580.5,173.4,64.0955,68.40922
2010,SVK,1003.8,5032.4,0.8,5185.2,1826.4,10308.8,597.7,151.4,68.4922,70.59088
2011,SVK,969.7,4989.8,1,5234.5,1985.8,10417.9,606.1,164.4,71.4771,73.42533
2012,SVK,997.2,5107,0.7,5380.3,2187.5,10916.6,626.9,176.9,73.3608,75.11161
2013,SVK,989.5,5198.4,0.6,5718.6,2297.5,11326.9,651.5,184,74.2173,76.51565
2014,SVK,974,5437.7,0.6,5993.8,2189,11428.2,662.8,155.9,76.0927,77.97911
2015,SVK,1025.2,5698.5,0.6,6074.3,2207.7,11723.6,670.5,162.2,79.8882,80.14478
2016,SVK,1015.5,6058,0.6,6422.2,2349.4,12092.8,660.9,177.8,81.0143,81.66136
2017,SVK,1028.1,4637.5,0.8,6590.4,2463.1,12312,685.9,174.3,84.4429,83.17268
2018,SVK,931.3,4951.5,1.3,6905.3,2794,12856.7,699.2,192.6,89.43,84.93722
2019,SVK,1020.5,5396.1,0.6,7205.3,2982,13473.3,721.2,218.5,94.048,86.8234
2020,SVK,1137.7,5757.5,5.1,7751,3596.2,14974.1,750.4,333.4,92.0793,87.74242