Variable;Country;2023;2022;2021;2020;2019;2018;2017;2016;2015;2014;2013;2012;2011;2010;2009;2008;2007;2006;2005;2004;2003;2002;2001;2000;1999;1998;1997;1996;1995;1994;1993;1992;1991;1990;1989;1988;1987;1986;1985;1984;1983;1982;1981;1980;1979;1978;1977;1976;1975;1974;1973;1972;1971;1970;1969;1968;1967;1966;1965;1964;1963;1962;1961;1960
Population 0 to 14 years (NPCN);Belgium;-;-;-;1939.382;1940.84;1936.754;1930.881;1924.581;1916.044;1905.53;1895.965;1886.242;1874.084;1849.765;1823.555;1807.666;1799.092;1796.915;1795.48;1796.149;1800.069;1803.972;1805.168;1804.937;1805.017;1806.277;1809.257;1814.111;1821.92;1828.817;1830.106;1825.335;1816.266;1806.216;1800.873;1801.538;1806.722;1822.719;1848.657;1880.07;1907.276;1932.124;1956.398;1982.317;2019.014;2060.456;2100.912;2140.01;2177.162;2210.849;2237.474;2257.046;2269.572;2277.809;2285.621;2289.389;2287.54;2277.259;2259.022;2234.499;2211.532;2196.319;2181.63;2154.074
Population 0 to 14 years (NPCN);Bulgaria;-;-;-;1000.636;1003.552;1004.61;1002.698;999.613;998.201;997.17;993.067;984.973;977.544;975.66;977.044;982.4;994.68;1012.991;1038.643;1072.079;1110.809;1152.177;1219.833;1283.72;1320.817;1364.132;1412.532;1459.436;1504.731;1550.697;1594.086;1649.65;1713.875;1772.157;1844.564;1896.483;1910.117;1921.229;1936.432;1953.055;1966.328;1970.477;1966.154;1961.71;1954.608;1955.195;1957.76;1949.231;1941.505;1930.82;1920.664;1922.393;1930.202;1937.879;1940.244;1939.566;1948.575;1964.134;1985.411;2008.718;2026.149;2037.736;2047.132;2050.901
Population 0 to 14 years (NPCN);Czechia;-;-;-;1714.971;1701.631;1681.869;1658.976;1635.495;1612.381;1589.25;1568.876;1550.769;1531.503;1507.848;1485.494;1474.831;1473.678;1485.789;1509.957;1537.06;1568.967;1603.501;1641.07;1684.623;1729.338;1773.252;1818.856;1867.969;1920.642;1978.929;2037.189;2092.674;2148.22;2214.174;2284.363;2339.13;2377.596;2402.367;2417.181;2424.774;2425.982;2422.373;2416.958;2410.846;2397.806;2372.487;2332.869;2280.95;2222.013;2158.694;2106.237;2080.913;2078.719;2098.359;2127.402;2156.456;2191.701;2228.401;2261.543;2285.296;2309.65;2353.033;2408.402;2452.874
Population 0 to 14 years (NPCN);Denmark;-;-;-;950.951;955.294;959.02;961.069;960.921;961.461;965.659;973.133;982.027;990.773;998.203;1004.702;1009.002;1012.035;1015.016;1017.012;1017.862;1015.312;1009.124;999.786;987.759;974.396;959.916;944.567;928.314;910.298;895.084;885.907;878.754;874.287;877.093;884.93;895.294;909.619;926.542;942.923;960.045;980.839;1006.309;1037.592;1068.151;1091.918;1111.157;1126.203;1136.85;1143.432;1147.056;1149.029;1148.634;1147.064;1148.036;1150.956;1153.733;1152.404;1142.796;1131.981;1124.996;1122.089;1126.862;1138.806;1154.357
Population 0 to 14 years (NPCN);Germany;-;-;-;11434.53;11341.037;11231.287;11110.164;10964.847;10783.925;10664.578;10662.668;10727.955;10857.104;10981.918;11080.87;11210.401;11361.531;11545.619;11787.265;12043.384;12288.845;12517.212;12698.043;12837.128;12938.529;13039.227;13142.829;13212.866;13266.41;13301.018;13274.805;13170.851;13018.648;12788;12502.352;12258.07;12176.763;12261.818;12436.779;12757.268;13186.159;13629.626;14062.383;14472.384;14909.135;15402.448;15906.517;16416.988;16929.502;17370.355;17706.609;17948.96;18059.488;18138.646;18152.957;18019.323;17844.11;17621.258;17352.908;17063.354;16718.797;16333.829;15942.736;15498.705
Population 0 to 14 years (NPCN);Estonia;-;-;-;218.587;218.063;216.325;214.418;212.527;210.552;208.843;207.424;206.214;204.849;202.86;200.655;199.05;199.135;201.46;206.01;212.715;220.9;229.62;238.095;246.305;255.455;266.016;276.375;286.63;297.232;308.047;320.15;334.309;345.102;349.208;349.436;347.675;345.261;342.581;339.949;336.941;333.354;329.017;324.294;319.933;316.782;314.857;313.187;311.883;311.06;310.201;309.01;306.911;303.172;299.587;298.232;296.939;295.78;295.634;294.477;292.231;289.742;286.47;282.381;278.267
Population 0 to 14 years (NPCN);Ireland;-;-;-;1003.24;1006.912;1007.103;1007.452;1006.479;1002.955;999.21;994.972;989.382;978.967;962.687;942.693;919.757;893.402;870.783;856.613;846.295;837.196;830.161;827.558;828.153;830.267;835.114;843.854;856.718;873.589;893.18;911.854;926.883;938.707;951.735;968.991;988.867;1008.071;1011.766;1022.031;1043.832;1051.8;1052.45;1046.55;1037.895;1030.245;1019.95;1008.35;997.65;985.65;972.3;958.85;946.2;934.3;923.8;915.7;910.2;906.05;901.75;897.7;893.8;888.95;883.25;878.5;875.9
Population 0 to 14 years (NPCN);Greece;-;-;-;1519.127;1532.297;1541.871;1550.668;1555.716;1567.341;1589.011;1607.861;1620.849;1627.167;1627.895;1625.546;1621.071;1623.023;1633.528;1647.056;1663.584;1683.399;1701.187;1638.64;1577.501;1599.533;1629.452;1664.571;1706.863;1756.784;1806.826;1855.185;1901.36;1945.941;1973.57;1999.232;2041.01;2080.667;2117.513;2114.607;2107.105;2131.243;2156.174;2178.59;2199.782;2213.581;2205.423;2193.319;2175.822;2160.391;2165.919;2181.075;2193.811;2201.634;2166.463;2202.275;2200.508;2192.255;2187.258;2184.444;2178.299;2173.308;2182.169;2197.064;-
Population 0 to 14 years (NPCN);Spain;-;-;-;6818.233;6903.635;6954.34;6991.872;7015.29;7037.24;7058.017;7078.476;7083.469;7045.32;6973.746;6884.558;6758.847;6604.081;6453.03;6320.987;6212.7;6108.458;6003.129;5948.8;5967.867;6032.162;6129.178;6255.142;6409.161;6589.544;6789.844;7004.478;7223.154;7456.619;7729.444;8014.392;8278.022;8526.103;8758.25;8967.939;9155.161;9325.244;9484.18;9622.417;9731.484;9820.47;9871.92;9870.522;9829.78;9780.41;9723.025;9655.287;9590.788;9508.071;9368.5;9257.831;9141.731;9007.471;8869.905;8756.172;8663.708;8578.381;8502.03;8428.86;8268.929
Population 0 to 14 years (NPCN);France;-;-;-;11997.67;12076.064;12146.039;12200.265;12252.622;12314.738;12336.363;12259.995;12161.83;12099.858;12038.419;11966.95;11881.009;11811.006;11755.219;11715.959;11699.675;11685.821;11668.191;11640.018;11596.113;11550.107;11537.249;11576.952;11648.626;11725.843;11792.462;11835.235;11853.531;11837.121;11814.892;11822.831;11875.043;11969.037;12076.498;12173.829;12259.536;12340.298;12394.346;12438.803;12502.026;12597.847;12731.569;12851.662;12966.612;13078.166;13167.353;13205.937;13180.975;13127.665;13070.94;13033.786;13003.528;12987.76;12968.271;12945.733;12921.071;12875.216;12771.324;12653.309;12492.066
Population 0 to 14 years (NPCN);Croatia;-;-;-;578.179;584.629;591.09;598.922;607.461;616.261;624.344;632.089;640.853;650.04;657.805;662.359;666.123;670.335;676.468;683.513;690.694;700.473;710.982;719.675;-;-;-;-;-;-;-;-;-;-;-;-;-;-;-;-;-;-;-;-;-;-;-;-;-;-;-;-;-;-;-;-;-;-;-;-;-;-;-;-;-
Population 0 to 14 years (NPCN);Italy;-;-;-;7682.05;7799.72;7976.032;8131.38;8232.222;8332.491;8415.627;8398.235;8336.778;8338.708;8347.465;8327.107;8284.328;8237.59;8209.52;8190.077;8158.806;8131.101;8110.07;8109.044;8133.236;8157.897;8191.056;8234.534;8284.615;8352.914;8444.705;8558.785;8685.751;9001.601;9387.855;9676.622;9982.923;10299.118;10637.02;10964.027;11283.257;11601.027;11904.016;12234.301;12569.866;12872.066;13118.369;13281.708;13380.46;13436.738;13432.158;13365.991;13283.161;13243.39;13225.45;13162.2;13063.85;12941.75;12797.65;12662.1;12532.75;12447.75;12436.25;12468.6;12432.9
Population 0 to 14 years (NPCN);Cyprus;-;-;-;143.044;141.794;140.747;139.798;139.423;139.372;139.402;140.696;142.015;141.777;141.078;140.778;140.974;142.071;143.497;145.02;146.733;148.634;150.754;153.654;156.484;158.436;160.241;161.404;161.713;161.541;160.529;158.414;-;-;-;-;-;-;-;-;-;-;-;-;-;-;-;-;-;-;-;-;-;-;-;-;-;-;-;-;-;-;-;-;-
Population 0 to 14 years (NPCN);Latvia;-;-;-;304.083;305.134;305.186;304.439;301.924;298.99;296.052;293.35;292.239;293.353;297.419;302.439;305.828;310.443;318.697;330.169;344.7;360.983;378.61;398.316;418.408;438.072;458.867;479.333;497.445;513.887;529.104;544.382;560.592;569.473;571.01;571.331;567.147;559.895;553.034;546.977;540.774;533.547;526.335;520.324;515.202;511.632;511.388;512.869;514.68;516.046;515.976;515.743;514.549;511.939;511.035;-;-;-;-;-;-;-;-;-;-
Population 0 to 14 years (NPCN);Lithuania;-;-;-;422.556;422.301;421.647;421.78;422.934;424.605;427.775;433.332;440.318;449.24;462.228;475.856;489.624;509.144;532.837;559.289;586.275;612.175;640.425;671.166;698.447;720.136;740.212;758.47;774.582;790.187;805.993;820.226;829.453;833.147;833.738;832.998;829.433;823.945;819.24;815.578;812.387;809.142;806.148;804.044;802.661;802.016;806.372;814.774;823.346;832.454;841.145;848.641;852.07;850.022;847.49;-;-;-;-;-;-;-;-;-;-
Population 0 to 14 years (NPCN);Luxembourg;-;-;-;100.736;99.342;97.865;96.523;95.407;94.319;93.151;91.894;90.604;90.009;89.577;88.852;88.206;87.546;86.891;86.17;85.497;84.809;84.203;83.535;82.604;81.26;79.705;78.218;76.755;75.228;73.5;71.636;69.756;67.981;66.264;64.717;63.445;62.696;62.615;63.072;63.904;64.988;66.237;67.321;68.336;68.014;67.819;69.23;70.61;71.73;72.75;73.754;74.573;75.052;75.052;75.099;75.299;75.499;75.099;74.1;72.6;71;69.5;68.1;67.3
Population 0 to 14 years (NPCN);Hungary;-;-;-;1419.284;1421.538;1421.827;1422.391;1423.657;1425.817;1426.501;1428.34;1435.578;1448.75;1467.033;1484.732;1500.705;1519.228;1541.549;1566.57;1592.907;1619.903;1646.901;1676.055;1710.623;1745.845;1777.63;1808.606;1841.605;1875.277;1910.65;1950.953;1995.546;2043.37;2099.27;2166.672;2218.026;2245.8;2268.467;2288.56;2311.74;2337.348;2356.249;2359.529;2348.738;2319.766;2279.822;2236.982;2189.545;2142.676;2100.717;2082.27;2086.672;2108.877;2151.481;2202.384;2249.018;2283.412;2317.026;2361.836;2408.902;2452.805;2494.676;2520.078;2527.364
Population 0 to 14 years (NPCN);Malta;-;-;-;69.235;68.331;66.867;65.657;64.456;63.33;62.321;61.626;61.551;61.954;62.762;63.775;64.913;66.428;68.294;70.173;71.971;73.629;75.167;76.633;77.399;78.134;79.392;80.57;80.069;80.088;81.653;82.378;82.712;82.906;83.109;83.054;82.756;82.598;82.535;81.566;80.233;-;-;77.619;76.873;76.311;75.963;75.871;-;-;-;-;-;-;-;-;-;-;-;-;-;-;-;-;-
Population 0 to 14 years (NPCN);Netherlands;-;-;-;2718.915;2732.959;2751.222;2772.196;2790.77;2813.419;2838.57;2863.998;2887.291;2901.867;2909.993;2917.984;2929.391;2947.169;2971.6;2996.579;3012.139;3012.896;3004.168;2987.893;2961.541;2930.727;2899.42;2872.142;2854.587;2843.094;2827.05;2803.397;2777.987;2751.624;2726.601;2712.229;2714.148;2732.112;2766.874;2819.22;2890.117;2966.573;3038.328;3103.88;3159.172;3216.182;3281.372;3347.274;3411.39;3463.209;3505.489;3543.809;3565.946;3568.817;3557.509;3537.31;3519.526;3508.264;3494.152;3474.461;3453.484;3439.902;3439.847;3453.385;3443.76
Population 0 to 14 years (NPCN);Austria;-;-;-;1284.274;1280.876;1275.847;1268.371;1255.294;1236.43;1222.429;1219.104;1221.749;1229.27;1239.787;1253.164;1269.185;1286.259;1303.953;1317.815;1326.436;1334.564;1342.531;1352.476;1365.465;1377.374;1388.451;1400.463;1410.822;1415.839;1414.955;1406.126;1387.111;1362.757;1345.497;1338.323;1337.957;1346.405;1362.814;1383.801;1410.301;1443.473;1480.33;1511.616;1541.4;1582.063;1630.781;1678.141;1721.088;1760.725;1792.645;1812.961;1822.719;1823.899;1819.263;1807.165;1786.74;1760.482;1729.419;1698.122;1667.412;1638.801;1615.872;1589.456;1553.51
Population 0 to 14 years (NPCN);Poland;-;-;-;5859.566;5847.931;5810.29;5759.556;5720.589;5711.822;5716.758;5730.798;5752.953;5783.8;5811.852;5824.29;5865.159;5961.619;6105.768;6283.206;6478.704;6692.218;6921.744;7166.837;7438.188;7721.486;8015.282;8307.787;8562.111;8800.334;9016.941;9194.222;9343.959;9466.792;9567.827;9760.303;9845.237;9834.094;9787.664;9673.848;9515.25;9318.441;9122.906;8952.055;8798.042;8650.184;8531.332;8439.515;8359.186;8326.031;8351.889;8438.917;8580.055;8744.835;8932.144;9153.136;9366.286;9552.143;9749.712;9955.733;10107.474;10166.338;10230.7;10227.441;10075.191
Population 0 to 14 years (NPCN);Portugal;-;-;-;1389.807;1402.276;1415.731;1433.156;1451.624;1475.537;1506.048;1536.028;1561.55;1584.037;1606.583;1624.489;1637.41;1650.412;1662.984;1672.366;1678.297;1681.801;1681.127;1679.191;1685.078;1695.471;1707.309;1726.209;1750.733;1781.617;1817.412;1854.577;1899.919;1959.671;2037.26;2120.494;2192.503;2258.096;2317.753;2369.21;2409.668;2442.262;2470.636;2493.638;2519.445;2544.03;2559.245;2562.635;2554.275;2507.745;2448.615;2443.015;2459.67;2464.665;2492.895;2544.945;2576;2587.745;2598.645;2610.555;2617.31;2620.025;2615.84;2600.138;2592.423
Population 0 to 14 years (NPCN);Romania;-;-;-;3029.161;3036.81;3050.561;3059.074;3062.99;3073.898;3087.847;3117.109;3161.929;3190.884;3201.793;3213.992;3297.039;3470.233;3578.545;3662.347;3753.985;3788.375;3830.83;3952.215;4103.511;4210.689;4298.859;4385.503;4504.304;4652.039;4804.08;4953.718;5105.874;5288.934;5452.223;5533.624;5558.665;5562.445;5573.766;5610.459;5688.517;5827.79;6000.292;6031.757;5932.066;5847.231;5746.286;5620.679;5502.819;5382.656;5284.073;5246.313;5243.756;5243.789;5243.444;5212.761;5154.793;-;-;-;-;-;-;-;-
Population 0 to 14 years (NPCN);Slovenia;-;-;-;316.767;314.754;312.191;309.636;307.492;305.35;302.681;299.574;296.122;292.501;289.064;285.665;282.225;280.738;282.15;284.95;289.094;295.314;302.92;310.064;316.89;324.501;333.349;343.23;354.432;364.525;373.999;384.821;395.539;405.964;414.655;421.221;426.453;430.047;432.226;433.562;434.718;435.695;435.842;435.543;434.49;432.764;430.511;427.846;424.906;421.85;418.619;415.351;412.637;411.232;411.626;414.076;418.291;423.535;428.767;433.188;436.57;439.036;440.608;441.41;441.542
Population 0 to 14 years (NPCN);Slovakia;-;-;-;866.007;860.881;853.872;844.964;836.136;831.112;830.053;830.251;831.574;832.064;833.383;837.527;847.082;863.652;884.38;907.748;932.224;959.843;990.963;1020.42;1051.622;1085.607;1117.76;1149.288;1180.093;1210.638;1241.01;1267.468;1290.189;1315.992;1338.237;1353.776;1365.861;1371.553;1370.682;1363.447;1352.79;1339.31;1323.789;1309.878;1299.949;1289.362;1275.543;1260.745;1246.351;1234.914;1224.728;1218.924;1222.105;1232.765;1244.091;1256.229;1273.515;1292.727;1310.099;1322.636;1327.263;1326.982;1326.585;1319.027;1281.41
Population 0 to 14 years (NPCN);Finland;-;-;-;865.949;876.635;886.329;892.301;895.101;896.315;895.815;893.207;890.187;888.33;888;889.743;892.876;897.886;904.043;910.732;917.329;923.553;929.298;933.96;939.667;947.073;956.248;964.959;970.169;972.007;971.487;969.505;966.939;964.901;963.236;961.125;956.462;952.278;951.572;951.519;950.923;951.19;954.416;961.001;970.609;982.898;997.509;1011.144;1023.8;1037.085;1050.938;1067.014;1085.894;1107.28;1134.013;1164.202;1187.812;1204.867;1220.595;1239.096;1261.278;1283.414;1305.556;1328.493;1346.813
Population 0 to 14 years (NPCN);Sweden;-;-;-;1836.309;1827.275;1807.203;1777.836;1739.068;1699.588;1664.067;1628.98;1598.065;1574.615;1557.201;1545.922;1542.067;1545.66;1555.182;1572.179;1591.286;1605.458;1616.1;1625.537;1635.25;1644.082;1651.457;1657.939;1663.394;1664.014;1649.092;1620.746;1591.55;1562.664;1535.026;1514.969;1504.387;1502.202;1507.859;1516.567;1527.531;1545.119;1571.153;1600.676;1628.356;1654.46;1677.451;1691.179;1696.212;1695.244;1690.717;1688.462;1687.633;1684.359;1676.441;1664.598;1656.642;1649.041;1634.676;1619.626;1610.119;1613.086;1628.815;1651.108;1678.735
Population 15 to 64 years (NPAN);Belgium;7432.069;7417.235;7406.126;7387.657;7363.089;7342.243;7331.328;7327.769;7311.229;7290.967;7286.626;7278.591;7260.22;7198.835;7124.469;7074.056;7011.714;6941.503;6878.878;6835.178;6804.809;6774.421;6743.339;6723.898;6715.128;6708.71;6706.149;6703.182;6703.817;6702.675;6693.531;6681.929;6674.986;6673.793;6674.496;6665.781;6653.583;6650.295;6646.672;6626.914;6586.214;6535.184;6501.444;6471.031;6423.89;6385.921;6348.455;6304.991;6258.802;6208.561;6165.774;6132.447;6098.519;6084.595;6079.89;6064.854;6048.417;6030.336;6008.854;5971.782;5926.831;5890.959;5891.006;5903.989
Population 15 to 64 years (NPAN);Bulgaria;4315.126;4352.966;4391.139;4429.311;4473.606;4532.913;4596.237;4661.258;4728.732;4797.769;4865.479;4932.64;5000.019;5065.482;5122.14;5170.341;5214.454;5252.708;5283.694;5307.489;5327.037;5347.528;5455.185;5558.466;5574.854;5593.034;5612.889;5627.563;5639.246;5650.137;5657.087;5692.199;5743.918;5797.516;5906.383;5982.074;5987.042;5993.569;6004.468;6003.668;5967.806;5917.266;5871.277;5848.518;5848.376;5849.816;5848.485;5837.207;5832.79;5828.205;5806.209;5785.509;5763.918;5737.532;5706.918;5669.206;5625.483;5579.879;5531.324;5471.698;5405.772;5344.899;5284.402;5225.626
Population 15 to 64 years (NPAN);Czechia;6766.358;6786.718;6807.14;6837.911;6861.115;6884.659;6920.909;6970.169;7027.27;7083.122;7148.816;7225.49;7295.382;7348.318;7380.507;7375.286;7327.812;7284.136;7256.24;7231.591;7204.812;7177.379;7163.011;7156.08;7139.764;7114.471;7090.221;7067.008;7042.355;7005.121;6957.116;6904.841;6851.85;6822.141;6791.392;6747.495;6720.475;6707.258;6697.628;6679.775;6640.712;6586.966;6534.522;6506.913;6497.293;6487.602;6491.085;6503.439;6519.324;6539.053;6552.039;6550.664;6540.799;6571.626;6599.461;6578.028;6551.62;6518.011;6477.738;6435.468;6384.432;6321.898;6254.536;6237.402
Population 15 to 64 years (NPAN);Denmark;3762.816;3747.825;3732.893;3714.322;3713.101;3708.553;3698.293;3682.292;3659.247;3638.885;3628.531;3625.603;3628.867;3631.16;3629.215;3620.351;3605.51;3593.369;3584.655;3578.12;3573.797;3570.339;3565.733;3560.685;3556.969;3553.336;3548.196;3540.508;3525.987;3511.225;3500.511;3488.962;3477.009;3462.639;3449.501;3440.752;3428.993;3412.613;3399.274;3387.762;3375.204;3360.006;3339.229;3316.783;3295.442;3275.05;3257.975;3245.174;3238.873;3235.494;3225.414;3209.911;3196.865;3175.777;3150.015;3133.581;3118.388;3101.67;3084.835;3065.701;3042.274;3011.982;2975.559;2940.03
Population 15 to 64 years (NPAN);Germany;52808.203;53032.354;53277.457;53545.183;53764.818;53877.874;53937.131;53978.88;53708.242;53347.162;53198.955;53038.575;53458.785;53921.995;54006.059;54275.817;54495.824;54746.15;55063.395;55359.153;55595.924;55719.012;55772.014;55851.747;55952.361;55991.033;55980.345;55907.351;55774.53;55686.309;55613.337;55349.371;55022.887;54791.779;54493.191;54203.715;54077.378;54002.664;53931.168;53830.813;53500.644;52963.272;52317.571;51602.96;51002.333;50585.682;50302.146;50117.503;50067.497;50087.861;49922.564;49639.609;49367.372;49349.799;49280.182;48999.962;49066.036;49210.404;49100.357;48984.449;48951.405;48857.171;48861.994;48958.412
Population 15 to 64 years (NPAN);Estonia;837.011;839.114;841.699;842.471;844.767;845.537;846.538;850.863;856.369;862.286;870.655;880.146;889.27;896.38;901.23;904.805;908.66;915.36;922.26;926.635;930.255;933.965;937.85;941.235;929.161;917.339;922.459;931.623;945.043;962.494;984.126;1011.274;1031.25;1037.389;1038.444;1036.625;1031.469;1023.514;1014.437;1005.247;997.591;989.728;980.648;972.769;967.349;962.385;955.901;948.858;941.833;934.508;926.475;918.18;909.956;899.959;889.207;879.555;872.238;865.54;856.143;844.784;832.687;821.456;811.313;804.702
Population 15 to 64 years (NPAN);Ireland;3367.704;3324.486;3288.707;3254.534;3223.602;3180.169;3142.354;3113.337;3084.312;3063.978;3054.687;3055.357;3064.928;3078.877;3090.117;3082.186;3030.917;2938.179;2844.263;2771.804;2715.238;2664.344;2607.192;2550.759;2501.775;2457.222;2412.831;2366.258;2323.205;2287.549;2256.404;2225.254;2191.839;2161.405;2144.06;2141.813;2142.278;2139.83;2130.579;2110.98;2086.45;2062.55;2037.5;2009.091;1981.391;1950.65;1919.05;1889.15;1856.5;1822;1788.05;1755.65;1726.25;1704.5;1690;1679.65;1671.65;1663.5;1657.05;1651.25;1643.95;1635.25;1629.95;1637.3
Population 15 to 64 years (NPAN);Greece;6664.765;6703.303;6742.115;6782.443;6814.549;6839.294;6874.059;6913.957;6972.58;7049.601;7134.209;7230.053;7314.645;7365.541;7385.007;7383.183;7367.695;7345.798;7321.994;7301.981;7288.044;7279.564;7311.309;7333.186;7317.804;7294.187;7248.111;7203.335;7158.801;7110.84;7062.627;7005.078;6930.716;6824.359;6720.405;6649.419;6592.028;6536.989;6505.555;6472.612;6408.836;6336.132;6266.758;6175.633;6088.822;6010.638;5936.798;5869.344;5779.423;5721.591;5704.283;5681.175;5645.14;5653.642;5695.213;5700.735;5674.082;5631.249;5592.388;5575.642;5568.512;5548.586;5502.137;-
Population 15 to 64 years (NPAN);Spain;31444.778;31288.336;31179.209;31228.302;31044.756;30810.878;30710.307;30710.38;30764.503;30906.847;31190.519;31494.526;31641.859;31706.453;31744.205;31613.128;31165.995;30578.634;30085.152;29550.913;28959.428;28391.735;27998.012;27840.826;27725.983;27605.162;27471.366;27305.839;27116.07;26898.383;26647.568;26371.63;26089.33;25858.493;25673.681;25489.841;25304.313;25110.013;24903.714;24670.889;24419.337;24154.104;23867.728;23580.987;23294.786;23017.367;22765.064;22527.878;22295.774;22064.512;21832.974;21602.974;21389.206;21161.757;21042.386;20912.522;20742.612;20566.183;20390.896;20212.496;20055.81;19925.256;19806.716;19527.066
Population 15 to 64 years (NPAN);France;41694.891;41669.889;41644.902;41620.762;41575.278;41641.877;41687.102;41744.21;41833.028;41915.875;41918.268;41920.616;41995.702;41972.434;41860.39;41745.86;41576.014;41316.645;40995.701;40670.762;40360.365;40061.613;39780.85;39523.326;39302.915;39149.476;39035.136;38914.29;38798.085;38694.121;38601.065;38496.293;38393.918;38313.458;38176.544;37972.281;37743.754;37522.317;37333.473;37052.273;36639.115;36185.309;35683.642;35196.056;34830.482;34562.337;34318.672;34062.375;33828.801;33604.951;33331.407;33043.546;32751.199;32438.895;32126.511;31856.186;31626.352;31399.527;31143.319;30840.021;30494.994;29881.132;29281.098;29042.868
Population 15 to 64 years (NPAN);Croatia;2547.631;2568.176;2588.887;2609.766;2636.385;2667.8;2711.12;2755.406;2791.716;2822.803;2844.473;2858.961;2869.875;2874.432;2874.702;2874.929;2877.018;2877.632;2876.716;2876.316;2875.105;2877.334;2879.736;-;-;-;-;-;-;-;-;-;-;-;-;-;-;-;-;-;-;-;-;-;-;-;-;-;-;-;-;-;-;-;-;-;-;-;-;-;-;-;-;-
Population 15 to 64 years (NPAN);Italy;37300.638;37451.104;37588.351;37856.491;38153.207;38505.502;38818.873;38946.125;39103.677;39256.505;39008.326;38697.614;38769.683;38802.412;38739.1;38633.609;38430.037;38321.154;38365.894;38354.786;38236.145;38194.39;38285.347;38405.022;38533.35;38658.912;38769.072;38874.532;39005.899;39123.11;39187.127;39226.824;39089.047;38881.546;38761.222;38630.526;38502.058;38364.549;38234.605;38000.991;37615.546;37199.777;36792.743;36444.225;36152.926;35898.199;35697.322;35511.339;35326.091;35160.659;35029.203;34898.574;34795.95;34733.45;34665.7;34588.2;34501.45;34400.45;34255.3;34068;33829.6;33555.75;33288.8;33093
Population 15 to 64 years (NPAN);Cyprus;621.992;614.982;607.689;602.867;597.158;590.155;584.589;581.496;582.311;591.738;604.518;609.488;600.629;583.744;566.22;547.8;530.011;515.294;504.026;494.018;484.565;475.694;467.408;459.46;451.51;443.266;434.909;426.429;417.479;408.158;398.608;-;-;-;-;-;-;-;-;-;-;-;-;-;-;-;-;-;-;-;-;-;-;-;-;-;-;-;-;-;-;-;-;-
Population 15 to 64 years (NPAN);Latvia;1172.189;1181.046;1191.772;1203.811;1218.492;1233.071;1249.426;1270.366;1292.706;1314.385;1338.597;1362.415;1386.014;1417.478;1454.406;1485.921;1504.936;1518.181;1532.09;1546.378;1560.004;1570.503;1582.327;1594.923;1599.954;1600.587;1606.493;1617.558;1633.061;1656.019;1686.333;1725.946;1761.158;1777.191;1781.047;1775.309;1760.678;1744.147;1729.458;1716.362;1705.047;1693.005;1680.641;1672.166;1667.374;1660.891;1650.119;1638.464;1626.488;1612.705;1597.13;1584.115;1574.925;1565.078;-;-;-;-;-;-;-;-;-;-
Population 15 to 64 years (NPAN);Lithuania;1786.649;1809.448;1818.541;1815.817;1817.662;1827.811;1855.626;1895.934;1932.484;1959.665;1981.888;2004.689;2034.555;2089.953;2140.737;2161.764;2178.645;2198.566;2229.708;2263.168;2284.871;2296.346;2307.117;2317.443;2324.326;2336.092;2352.228;2371.038;2391.063;2410.836;2430.069;2448.144;2458.024;2460.189;2456.258;2440.313;2416.389;2390.545;2363.966;2337.601;2309.24;2279.248;2251.54;2227.746;2209.962;2189.1;2161.283;2131.725;2100.674;2070.461;2043.746;2022.417;2003.444;1976.497;-;-;-;-;-;-;-;-;-;-
Population 15 to 64 years (NPAN);Luxembourg;462.743;454.561;446.524;437.921;431.102;422.817;414.644;405.007;394.386;384.561;375.251;366.183;356.165;346.811;339.462;332.151;325.186;319.331;313.511;308.302;303.557;299.566;296.56;292.275;287.733;284.379;281.516;278.845;276.163;273.637;271.374;269.126;266.803;264.341;261.852;260.073;258.635;256.707;255.046;253.667;251.877;250.058;248.293;246.123;245.504;245.45;244.191;242.851;240.464;236.259;231.501;227.827;224.114;204.323;220.797;219.797;219.797;219.797;219.097;217.897;216.897;215.997;214.497;213.697
Population 15 to 64 years (NPAN);Hungary;6196.402;6246.373;6296.747;6371.415;6433.507;6482.774;6525.48;6577.964;6636.806;6691.945;6747.998;6795.99;6836.549;6865.681;6886.037;6905.397;6922.045;6931.906;6936.339;6941.894;6946.482;6956.127;6963.073;6962.322;6965.443;6974.771;6983.153;6985.252;6985.569;6982.592;6972.031;6953.004;6924.825;6889.916;6932.421;6998.345;7009.691;7026.741;7043.773;7051.457;7028.299;6982.843;6944.719;6923.764;6952.32;6998.901;7027.824;7051.669;7066.053;7075.996;7078.051;7069.406;7042.664;6992.066;6925.37;6862.437;6818.085;6779.391;6736.916;6694.153;6651.012;6610.581;6578.945;6553.884
Population 15 to 64 years (NPAN);Malta;367.634;360.425;353.012;349.863;342.116;326.915;314.295;305.953;300.163;294.261;290.121;288.003;287.41;288.278;288.586;286.872;283.81;281.005;278.987;276.45;273.407;270.461;267.416;261.278;255.571;253.253;250.717;249.887;249.093;246.175;242.914;239.88;236.971;234.074;231.68;229.495;227.502;225.953;223.367;220.659;218.937;217.189;215.428;213.35;210.503;207.706;204.498;-;-;-;-;-;-;-;-;-;-;-;-;-;-;-;-;-
Population 15 to 64 years (NPAN);Netherlands;11356.385;11332.586;11308.838;11297.54;11258.636;11203.842;11159.712;11117.06;11080.007;11063.083;11068.75;11097.314;11135.55;11138.764;11107.332;11072.881;11042.937;11025.096;11013.725;10999.728;10976.601;10935.176;10871.679;10800.501;10739.673;10687.461;10641.729;10603.556;10568.688;10535.003;10490.211;10433.567;10371.505;10305.276;10245.363;10187.409;10110.885;10018.802;9922.945;9814.992;9702.212;9596.175;9488.193;9361.963;9223.978;9095.217;8977.09;8860.412;8728.338;8596.711;8484.733;8381.05;8271.843;8155.655;8044.699;7943.639;7854.455;7757.862;7644.18;7526.016;7405.996;7272.1;7121.008;7009.168
Population 15 to 64 years (NPAN);Austria;5922.274;5924.76;5927.82;5927.633;5917.951;5906.898;5892.941;5866.132;5811.821;5753.634;5718.762;5696.435;5675.395;5648.125;5628.928;5615.759;5597.915;5586.595;5577.247;5561.109;5531.17;5489.577;5446.2;5410.26;5383.258;5361.372;5347.247;5335.962;5329.994;5329.894;5319.524;5284.258;5233.254;5185.742;5148.388;5129.048;5126.014;5120.848;5107.369;5080.107;5031.471;4977.651;4913.282;4845.106;4800.849;4771.363;4740.528;4706.563;4691.112;4692.908;4675.151;4639.368;4610.443;4596.768;4597.53;4608.377;4615.087;4613.493;4614.603;4618.941;4620.296;4615.138;4617.108;4632.573
Population 15 to 64 years (NPAN);Poland;24385.196;24581.851;24792.588;25038.57;25306.149;25562.757;25824.764;26077.933;26314.998;26535.105;26741.067;26914.292;27031.084;27060.239;27102.001;27121.768;27034.998;26939.333;26835.191;26718.722;26592.855;26459.349;26312.917;26135.518;26124.354;26091.588;25869.596;25681.961;25517.576;25353.129;25188.47;25025.368;24858.808;24708.014;24517.676;24440.654;24338.663;24229.343;24117.568;23998.19;23837.492;23647.738;23454.962;23260.584;23105.954;23033.144;22890.281;22730.112;22523.448;22279.102;21985.937;21668.901;21349.347;21001.613;20881.63;20536.431;20140.808;19801.688;19505.818;19131.421;18693.445;18357.215;18082.372;17899.907
Population 15 to 64 years (NPAN);Portugal;6618.85;6612.238;6612.238;6612.238;6621.663;6639.341;6672.187;6715.095;6759.544;6807.509;6870.043;6933.167;6981.489;7013.108;7029.408;7036.435;7033.532;7023.147;7016.927;7016.878;7015.437;7002.679;6978.257;6939.317;6894.301;6855.855;6819.858;6784.196;6748.61;6711.345;6677.977;6649.603;6628.021;6606.852;6581.398;6557.225;6530.461;6499.822;6465.266;6417.125;6355.808;6292.15;6224.997;6142.103;6049.32;5963;5884.53;5815.355;5662.28;5449.97;5349.27;5333.69;5343.034;5368.574;5420.645;5483.195;5522.655;5575.9;5646.34;5687.845;5680.88;5655.405;5615.434;5566.299
Population 15 to 64 years (NPAN);Romania;12079.271;12225.983;12387.014;12552.71;12705.778;12850.614;13007.956;13174.481;13336.241;13485.058;13589.16;13645.833;13707.288;13779.548;13866.407;13997.588;14264.021;14493.53;14577.795;14663.611;14738.318;14851.476;15149.594;15350.225;15324.36;15319.273;15337.142;15339.175;15311.03;15267.026;15211.928;15150.669;15233.582;15334.385;15278.998;15210.554;15149.727;15074.537;14967.133;14817.066;14570.95;14246.062;14053.185;13997.785;13977.348;13963.14;13936.385;13915.767;13856.621;13769.334;13672.73;13554.801;13417.944;13261.175;13104.104;12995.934;-;-;-;-;-;-;-;-
Population 15 to 64 years (NPAN);Slovenia;1361.901;1360.54;1356.471;1355.793;1355.101;1354.545;1360.908;1372.286;1383.437;1394.552;1404.254;1412.464;1418.37;1420.914;1417.857;1408.601;1406.295;1408.465;1405.846;1404.598;1403.014;1400.009;1397.019;1393.632;1386.549;1382.774;1383.809;1381.969;1380.751;1378.554;1376.335;1376.402;1374.509;1369.531;1364.949;1362.156;1357.007;1334.637;1311.708;1301.536;1287.641;1270.096;1255.124;1240.618;1226.655;1213.168;1200.468;1188.865;1178.557;1169.754;1162.323;1155.686;1149.025;1141.759;1133.681;1124.974;1115.9;1106.892;1098.274;1090.062;1082.156;1074.645;1067.616;1061.109
Population 15 to 64 years (NPAN);Slovakia;3596.863;3620.765;3644.827;3674.22;3703.519;3733.312;3764.51;3795.364;3822.281;3843.588;3861.463;3875.563;3881.765;3883.6;3884.143;3877.31;3864.217;3849.754;3833.785;3815.639;3794.581;3771.292;3744.343;3721.742;3697.653;3664.92;3632.989;3601.203;3568.4;3531.692;3493.495;3459.136;3435.867;3413.795;3384.348;3359.195;3339.999;3325.672;3311.051;3294.053;3268.282;3232.187;3194.108;3158.908;3131.047;3106.361;3082.069;3056.253;3028.538;3002.727;2974.9;2940.703;2902.945;2879.533;2856.13;2817.359;2778.067;2737.798;2699.31;2666.014;2634.492;2602.516;2574.967;2505.648
Population 15 to 64 years (NPAN);Finland;3420;3420;3416.568;3419.988;3426.915;3437.118;3451.266;3463.663;3475.969;3491.73;3508.395;3524.867;3539.602;3549.611;3547.873;3536.874;3518.86;3507.284;3499.311;3488.776;3483.581;3478.333;3471.764;3464.359;3455.407;3441.596;3427.055;3416.619;3409.716;3403.924;3396.253;3385.052;3369.982;3355.846;3346.909;3344.914;3345.524;3343.027;3338.686;3325.775;3304.863;3281.969;3257.488;3236.446;3220.829;3207.264;3195.041;3185.441;3174.194;3156.513;3132.74;3103.864;3070.279;3050.8;3051.054;3042.081;3014.406;2984.132;2958.147;2930.542;2893.726;2847.788;2800.978;2759.325
Population 15 to 64 years (NPAN);Sweden;6498.518;6479.081;6472.608;6440.406;6401.073;6347.082;6288.36;6221.975;6169.542;6139.497;6121.153;6114.834;6113.641;6106.914;6084.664;6050.823;6007.507;5951.916;5897.537;5854.451;5815.247;5775.928;5738.948;5705.139;5678.687;5659.501;5645.289;5634.29;5621.202;5593.538;5562.488;5543.375;5525.74;5501.901;5466.961;5433.371;5410.542;5396.36;5394.456;5391.77;5381.373;5367.715;5349.926;5328.427;5304.598;5285.973;5273.189;5263.773;5259.246;5259.167;5266.858;5280.539;5286.712;5266.951;5229.771;5204.018;5189.263;5167.954;5133.813;5093.285;5054.149;5015.32;4970.77;4926.452
Population 65 years and over (NPON);Belgium;-;-;-;2217.202;2185.051;2148.057;2112.949;2079.073;2046.923;2012.56;1976.817;1942.098;1903.961;1871.671;1848.469;1828.252;1814.894;1809.539;1804.259;1789.81;1771.255;1754.391;1738.064;1722.414;1706.273;1688.022;1665.839;1639.344;1611.074;1584.11;1560.839;1537.894;1513.234;1487.37;1462.327;1434.345;1409.767;1388.809;1362.979;1348.389;1362.03;1388.996;1401.14;1405.894;1405.479;1393.156;1380.991;1373.226;1364.735;1353.009;1338.473;1321.621;1305.071;1293.145;1280.522;1264.513;1245.034;1220.213;1195.791;1171.833;1151.407;1133.299;1111.312;1095.426
Population 65 years and over (NPON);Bulgaria;-;-;-;1504.068;1498.604;1487.514;1477.012;1466.951;1451.058;1428.998;1406.569;1388.275;1370.765;1354.457;1345.259;1339.819;1336.205;1335.323;1336.636;1337.291;1337.481;1337.456;1325.047;1321.399;1314.944;1299.62;1286.646;1275.826;1262.089;1242.756;1221.14;1198.316;1174.575;1148.616;1126.026;1102.889;1074.199;1043.374;1019.647;1003.957;1005.604;1029.714;1053.686;1051.308;1022.956;1009.02;997.938;972.161;946.447;919.719;894.094;868.299;842.275;814.163;787.01;760.831;736.168;714.043;687.433;663.923;646.224;630.312;611.584;590.848
Population 65 years and over (NPON);Czechia;-;-;-;2144.976;2109.124;2063.4;2014.553;1960.667;1906.409;1852.975;1796.581;1734.527;1669.203;1618.245;1577.935;1534.486;1497.338;1468.981;1445.02;1428.45;1420.219;1416.036;1412.523;1414.36;1414.758;1406.65;1395.055;1380.264;1364.256;1349.538;1335.55;1321.608;1308.458;1296.983;1285.313;1268.651;1249.248;1232.602;1222.309;1225.664;1257.162;1305.487;1349.073;1386.433;1397.242;1382.01;1362.801;1341.551;1317.283;1290.712;1263.99;1236.056;1207.297;1188.087;1169.717;1141.863;1109.579;1074.628;1040.077;1007.041;976.603;949.728;923.712;911.73
Population 65 years and over (NPON);Denmark;-;-;-;1166.132;1146.027;1126.063;1105.618;1084.797;1062.776;1038.932;1013.267;983.942;950.932;918.32;889.178;864.269;843.893;828.886;817.765;808.54;801.465;796.468;793.264;791.173;790.435;790.968;792.228;794.252;797.088;799.872;802.211;803.654;803.002;801.207;798.029;793.471;788.413;781.379;771.494;763.813;758.254;751.495;744.751;738.094;729.442;718.041;704.241;690.573;677.558;662.747;647.419;633.051;619.196;604.945;590.888;577.568;564.562;552.915;542.196;531.375;520.119;508.882;497.323;485.216
Population 65 years and over (NPON);Germany;-;-;-;18181.159;17987.107;17796.622;17609.708;17404.942;17194.445;16970.761;16783.983;16659.294;16723.863;16873.018;16815.378;16623.879;16409.017;16084.682;15618.763;15113.723;14649.407;14252.271;13879.868;13522.633;13209.354;13016.936;12911.597;12794.615;12637.112;12451.022;12268.221;12104.377;11972.361;11853.236;11755.706;11682.78;11585.727;11455.923;11316.929;11270.647;11441.556;11740.57;12028.081;12213.393;12215.095;12103.97;11951.503;11802.882;11677.046;11509.772;11308.105;11100.543;10886.676;10681.564;10477.286;10275.776;10041.939;9769.397;9511.172;9271.267;9044.867;8835.477;8573.576;8358.426
Population 65 years and over (NPON);Estonia;-;-;-;268.465;264.068;260.115;256.428;252.399;248.487;244.216;239.918;236.336;233.32;232.235;232.63;233.235;232.885;229.99;226.505;223.2;219.565;215.765;212.17;209.445;196.718;202.8;200.701;197.342;194.359;191.973;189.852;187.507;184.962;182.577;173.131;170.48;175.49;174.096;174.396;176.428;177.801;179.669;182.724;184.517;178.493;177.236;181.123;178.835;176.459;173.461;170.466;167.427;163.827;160.529;157.81;154.72;150.929;147.422;143.946;140.071;136.428;133.698;131.383;128.569
Population 65 years and over (NPON);Ireland;-;-;-;727.608;703.826;680.044;657.583;635.518;614.69;594.551;574.157;554.795;536.19;518.591;502.565;487.601;474.623;465.09;459.038;452.164;444.086;437.442;431.493;426.262;422.743;420.361;417.485;414.535;412.047;409.658;408.003;406.293;403.687;400.835;397.958;394.27;389.708;388.094;386.602;378.693;372.3;370.8;368.95;365.818;362.118;358.5;354.8;351.25;347.4;343.2;339.05;335;331.5;328.95;326.95;325.7;324.75;323.55;322.55;321.5;319.75;317.55;315.95;315.4
Population 65 years and over (NPON);Greece;-;-;-;2397.028;2374.737;2351.717;2329.951;2306.297;2280.963;2253.8;2223.141;2194.109;2163.087;2127.904;2096.464;2073.588;2057.755;2041.037;2018.263;1989.576;1956.626;1921.272;1912.183;1895.121;1844.36;1796.871;1748.578;1698.602;1646.568;1595.257;1542.602;1492.622;1443.27;1398.862;1369.861;1346.553;1327.901;1312.712;1313.868;1316.084;1306.548;1297.207;1284.002;1267.09;1245.855;1171.018;1178.362;1142.985;1106.728;1074.512;1043.728;1013.642;984.263;972.701;875.277;839.523;817.751;795.145;773.502;756.488;737.806;717.478;698.849;-
Population 65 years and over (NPON);Spain;-;-;-;9319.118;9186.445;9032.535;8891.057;8758.392;8643.089;8516.018;8351.05;8195.06;8055.518;7896.698;7734.184;7582.131;7456.727;7365.654;7247.016;7158.281;7119.759;7036.694;6903.599;6759.17;6628.73;6489.169;6330.881;6174.851;6018.436;5860.881;5709.215;5562.901;5420.427;5279.384;5139.69;4999.076;4854.4;4716.362;4597.86;4504.314;4426.943;4347.728;4268.486;4049.298;4076.074;3975.612;3876.052;3780.154;3681.717;3585.798;3500.686;3410.708;3327.214;3230.949;3149.431;3067.682;2981.296;2895.82;2816.532;2742.412;2671.997;2605.739;2541.597;2469.819
Population 65 years and over (NPON);France;-;-;-;13870.018;13597.584;13314.015;13030.653;12727.271;12400.506;12059.828;11704.902;11356.221;11032.292;10802.319;10672.415;10551.84;10434.45;10365.487;10285.735;10162.119;10031.98;9914.258;9780.808;9642.73;9498.756;9359.985;9218.547;9061.426;8894.789;8723.146;8558.823;8395.566;8228.107;8059.053;7897.392;7738.747;7574.817;7407.506;7233.305;7165.796;7238.065;7349.978;7487.388;7601.542;7591.711;7493.048;7382.378;7283.56;7193.077;7085.152;6971.149;6857.061;6742.243;6621.048;6505.752;6394.522;6265.073;6118.519;5982.461;5852.943;5737.924;5616.622;5478.552;5386.888
Population 65 years and over (NPON);Croatia;-;-;-;859.315;846.191;831.98;819.812;809.574;800.016;788.916;743.03;769.248;733.12;764.115;769.261;769.83;765.396;758.909;751.445;741.283;729.977;717.123;701.04;-;-;-;-;-;-;-;-;-;-;-;-;-;-;-;-;-;-;-;-;-;-;-;-;-;-;-;-;-;-;-;-;-;-;-;-;-;-;-;-;-
Population 65 years and over (NPON);Italy;-;-;-;13900.311;13776.152;13668.789;13586.457;13449.152;13294.414;13117.008;12827.385;12505.325;12271.057;12127.54;12029.158;11908.794;11770.684;11613.305;11413.514;11171.735;10945.957;10754.547;10579.709;10403.85;10225.069;10056.777;9886.766;9701.133;9485.49;9275.586;9085.91;8884.511;8667.873;8449.839;8233.936;8015.839;7800.755;7594.587;7394.439;7292.47;7347.502;7439.755;7474.63;7419.792;7292.756;7138.575;6976.381;6826.461;6678.172;6518.051;6356.212;6199.611;6034.149;5862.95;5710.05;5583.7;5457.3;5320.9;5194.95;5074.6;4974.65;4887.45;4778.95;4673.8
Population 65 years and over (NPON);Cyprus;-;-;-;146.096;143;139.166;135.132;130.641;125.98;121.364;116.724;112.442;108.476;104.624;101.037;97.858;95.043;92.173;89.494;87.23;85.107;83.181;80.466;78.079;72.876;75.533;74.45;73.181;71.846;70.485;69.067;-;-;-;-;-;-;-;-;-;-;-;-;-;-;-;-;-;-;-;-;-;-;-;-;-;-;-;-;-;-;-;-;-
Population 65 years and over (NPON);Latvia;-;-;-;392.556;390.196;388.918;388.383;387.247;385.831;383.345;380.699;379.665;380.343;382.658;384.824;385.573;384.947;381.479;376.54;372.044;366.968;361.061;356.528;354.219;352.456;350.564;347.025;342.22;338.108;335.618;332.574;327.799;319.95;314.95;314.578;310.977;306.01;302.711;302.439;304.912;307.416;311.739;318.457;324.333;316.048;325.642;322.084;317.845;313.596;308.505;302.947;297.011;289.524;273.976;-;-;-;-;-;-;-;-;-;-
Population 65 years and over (NPON);Lithuania;-;-;-;556.512;554.175;552.085;550.997;549.362;547.821;544.927;542.469;542.766;544.32;545.101;546.323;546.843;543.506;538.507;533.531;527.632;518.168;506.296;492.535;483.646;479.775;473.027;464.439;455.993;447.852;440.314;432.318;422.518;412.962;403.912;394.999;385.303;376.033;369.129;364.999;364.217;366.811;371.782;377.363;382.795;385.864;370.608;378.978;373.592;368.525;362.288;352.051;339.135;325.575;306.779;-;-;-;-;-;-;-;-;-;-
Population 65 years and over (NPON);Luxembourg;-;-;-;91.762;89.557;87.268;85.17;83.044;80.899;78.607;76.215;74.159;72.172;70.565;69.469;68.185;67.261;66.27;65.333;64.296;63.264;62.406;61.43;61.421;61.482;60.617;59.717;58.625;57.234;55.788;54.466;53.294;52.14;51.246;50.531;49.933;49.42;49.034;48.588;48.427;48.758;49.23;49.612;49.691;49.339;48.738;47.938;47.271;46.756;46.042;45.195;44.201;43.255;42.499;41.699;40.799;39.799;38.999;38.399;37.299;36.199;35.299;34.299;33.899
Population 65 years and over (NPON);Hungary;-;-;-;1959.45;1916.097;1870.962;1840.096;1812.403;1780.406;1748.022;1691.698;1688.795;1612.593;1667.309;1651.881;1632.087;1614.507;1557.076;1584.156;1572.345;1563.168;1555.58;1548.448;1538.027;1526.242;1514.169;1498.726;1484.381;1468.119;1450.113;1434.538;1420.79;1405.205;1384.802;1382.626;1380.117;1357.25;1335.356;1309.136;1297.654;1323.816;1366.443;1407.6;1432.68;1426.127;1406.098;1383.224;1357.462;1326.58;1296.792;1271.734;1242.411;1215.997;1190.474;1167.08;1144.359;1115.107;1082.237;1046.166;1013.762;984.131;955.569;928.935;899.767
Population 65 years and over (NPON);Malta;-;-;-;96.234;93.615;90.849;88.048;84.947;81.56;77.976;74.22;70.474;66.905;63.468;60.116;57.595;56.487;56.009;54.034;52.847;51.546;49.675;48.98;50.778;53.333;50.777;49.729;48.175;46.753;45.463;44.668;43.825;42.897;41.92;40.787;39.752;38.971;38.118;35.722;33.662;32.208;29.618;29.394;29.946;30.066;30.048;30.148;-;-;-;-;-;-;-;-;-;-;-;-;-;-;-;-;-
Population 65 years and over (NPON);Netherlands;-;-;-;3425.045;3353.28;3276.56;3199.388;3122.484;3046.497;2963.355;2871.685;2770.356;2655.657;2566.637;2505.072;2443.321;2391.589;2349.406;2309.565;2269.912;2235.805;2209.585;2186.608;2163.472;2141.688;2120.327;2096.779;2072.356;2047.225;2020.785;1996.76;1972.612;1946.669;1919.633;1891.315;1858.537;1822.041;1786.601;1749.467;1719.102;1698.286;1678.187;1655.134;1628.666;1598.11;1565.111;1531.82;1502.235;1474.788;1442.856;1410.78;1381.597;1353.837;1325.362;1295.974;1266.556;1235.482;1204.237;1176.091;1147.619;1120.069;1093.742;1064.318;1033.703
Population 65 years and over (NPON);Austria;-;-;-;1704.957;1681.093;1657.776;1636.255;1615.242;1594.448;1570.293;1541.958;1511.807;1486.978;1475.492;1461.231;1436.551;1411.313;1378.093;1332.766;1284.422;1255.689;1249.849;1240.149;1235.842;1231.691;1226.965;1220.332;1212.232;1202.445;1191.269;1179.982;1169.34;1158.88;1146.612;1132.855;1118.313;1102.167;1086.132;1073.815;1071.027;1086.967;1116.158;1143.812;1161.899;1166.513;1160.161;1149.761;1137.874;1127.066;1113.484;1098.004;1082.115;1066.14;1051.055;1036.361;1020.286;1001.429;979.154;958.164;937.449;916.714;898.854;879.734;861.456
Population 65 years and over (NPON);Poland;-;-;-;7000.934;6811.395;6601.702;6390.506;6171.564;5959.591;5759.873;5568.33;5395.918;5248.372;5170.702;5153.082;5138.832;5123.943;5096.167;5047.048;4984.796;4919.497;4849.271;4760.74;4684.923;4619.303;4556.612;4472.277;4380.298;4277.088;4172.582;4078.716;3994.341;3920.593;3834.941;3743.11;3662.212;3577.349;3524.663;3495.941;3482.027;3494.418;3532.728;3568.455;3590.753;3569.776;3512.867;3434.244;3338.581;3238.702;3127.59;3008.271;2893.279;2789.16;2675.375;2608.199;2495.207;2349.076;2249.659;2142.357;2034.555;1946.118;1853.488;1774.035;1702.766
Population 65 years and over (NPON);Portugal;-;-;-;2295.036;2262.325;2228.75;2194.957;2158.732;2122.996;2087.505;2051.225;2020.126;1992.034;1953.409;1914.35;1884.332;1859.019;1836.157;1814.038;1788.686;1761.583;1735.825;1705.274;1665.503;1628.057;1597.032;1562.911;1529.016;1495.949;1462.768;1432.12;1402.972;1325.804;1339.107;1303.109;1269.883;1241.474;1215.16;1189.138;1169.439;1159.795;1148.985;1104.209;1076.246;1067.915;1036.005;1008.51;986.18;923.445;855.78;840.815;837.07;836.058;818.963;792.115;777.455;764.12;756.445;741.7;730.21;729.45;722.74;713.744;698.995
Population 65 years and over (NPON);Romania;-;-;-;3683.38;3629.06;3572.795;3521.685;3464.796;3405.478;3336.075;3277.424;3250.274;3249.355;3265.53;3287.089;3243.248;3148.728;3121.684;3079.543;3034.152;3047.633;3048.19;3030.161;2989.236;2936.992;2889.212;2831.333;2775.525;2721.201;2659.105;2597.634;2537.741;2478.639;2415.227;2348.836;2288.443;2237.258;2188.538;2155.407;2134.964;2161.737;2229.387;2268.129;2277.431;2265.909;2242.039;2199.032;2133.048;2054.306;1976.023;1916.638;1859.4;1799.834;1745.779;1692.276;1649.104;-;-;-;-;-;-;-;-
Population 65 years and over (NPON);Slovenia;-;-;-;429.859;418.529;407.158;395.844;385.264;374.744;364.746;356.125;348.572;341.972;338.605;336.147;330.49;323.291;316.252;309.679;303.319;297.405;291.601;284.977;278.403;271.994;265.506;258.917;252.227;244.596;236.89;230.59;224.557;218.956;213.974;210.18;206.587;202.722;199.1;196.371;195.9;198.986;204.396;208.081;209.819;209.207;206.563;202.353;197.348;192.148;186.8;181.189;175.559;170.195;165.289;161.023;157.362;154.016;150.541;146.643;142.207;137.389;132.485;127.907;123.953
Population 65 years and over (NPON);Slovakia;-;-;-;918.6;889.747;859.587;829.757;799.297;770.408;745.008;721.679;700.442;684.555;674.445;664.736;654.84;646.753;638.92;631.274;624.418;618.951;614.656;614.028;615.223;612.758;607.737;601.015;592.066;582.961;573.629;564.343;555.69;551.436;547.155;537.818;525.54;511.288;497.46;487.27;480.255;484.38;499.122;512.12;520.959;518.563;508.22;497.688;486.903;475.653;462.168;447.621;433.814;421.739;414.599;406.248;393.04;378.573;363.77;349.038;334.063;320.542;309.088;297.673;280.898
Population 65 years and over (NPON);Finland;-;-;-;1243.606;1218.056;1192.078;1164.646;1136.539;1107.245;1073.967;1037.37;998.917;960.34;925.741;901.255;883.65;871.974;854.941;836.053;822.068;805.88;792.968;782.285;772.183;762.994;755.654;747.822;737.786;726.068;712.923;700.69;689.941;678.803;667.349;656.281;645.104;634.321;623.555;612.002;605.106;599.734;590.547;581.476;572.48;560.964;547.756;532.718;516.423;500.161;483.124;466.327;449.9;434.566;421.494;408.53;396.576;386.471;376.143;366.489;356.724;346.169;338.1;331.535;323.497
Population 65 years and over (NPON);Sweden;-;-;-;2076.727;2050.539;2020.928;1991.502;1962.042;1930.056;1892.546;1850.245;1806.475;1760.957;1714.012;1667.929;1626.747;1594.925;1573.407;1559.856;1547.795;1537.525;1532.93;1531.476;1531.721;1535.106;1540.015;1542.835;1543.314;1541.724;1538.116;1535.326;1533.141;1528.74;1521.702;1511.035;1498.731;1485.06;1465.61;1439.364;1417.305;1402.54;1386.396;1369.901;1353.748;1334.62;1312.175;1287.173;1262.301;1237.946;1210.072;1180.992;1154.128;1127.264;1099.41;1073.703;1051.576;1029.627;1005.167;980.414;957.95;937.093;917.454;898.119;879.469
Total population (demographic statistics) (NPTN);Belgium;11740.388;11670.366;11589.241;11544.241;11488.98;11427.054;11375.158;11331.422;11274.196;11209.057;11159.407;11106.931;11038.264;10920.272;10796.493;10709.973;10625.7;10547.958;10478.617;10421.137;10376.133;10332.785;10286.57;10251.25;10226.419;10203.008;10181.245;10156.637;10136.811;10115.603;10084.475;10045.158;10004.486;9967.378;9937.697;9901.664;9870.234;9861.823;9858.308;9855.372;9855.52;9856.303;9858.982;9859.242;9848.382;9839.534;9830.358;9818.227;9800.7;9772.419;9741.72;9711.115;9673.162;9655.549;9646.032;9618.756;9580.991;9527.807;9463.667;9378.113;9289.77;9220.578;9183.948;9153.489
Total population (demographic statistics) (NPTN);Bulgaria;6807.168;6848.138;6889.355;6934.015;6975.761;7025.037;7075.947;7127.822;7177.991;7223.938;7265.115;7305.888;7348.327;7395.599;7444.442;7492.561;7545.338;7601.022;7658.972;7716.86;7775.327;7837.161;8009.142;8170.172;8210.624;8256.786;8312.068;8362.825;8406.067;8443.591;8472.313;8540.164;8632.367;8718.289;8876.972;8981.446;8971.358;8958.171;8960.547;8960.679;8939.738;8917.457;8891.117;8861.535;8825.94;8814.032;8804.183;8758.599;8720.742;8678.745;8620.967;8576.2;8536.395;8489.573;8434.172;8369.603;8310.226;8258.057;8204.168;8144.34;8078.145;8012.946;7943.118;7867.374
Total population (demographic statistics) (NPTN);Czechia;11151.208;11058.318;10694.699;10697.858;10671.87;10629.928;10594.438;10566.332;10546.059;10525.347;10514.272;10510.785;10496.088;10474.41;10443.936;10384.603;10298.828;10238.905;10211.216;10197.101;10193.998;10196.916;10216.605;10255.063;10283.859;10294.373;10304.131;10315.241;10327.252;10333.587;10329.855;10319.123;10308.578;10333.355;10361.068;10355.276;10347.318;10342.227;10337.118;10330.213;10323.856;10314.825;10300.591;10304.193;10292.341;10242.098;10186.755;10125.939;10058.62;9988.459;9922.266;9867.632;9826.815;9858.071;9896.58;9876.346;9852.899;9821.039;9779.358;9727.804;9670.685;9624.66;9586.651;9602.006
Total population (demographic statistics) (NPTN);Denmark;5999.444;5956.434;5855.41;5831.404;5814.422;5793.636;5764.979;5728.01;5683.483;5643.475;5614.932;5591.572;5570.572;5547.683;5523.095;5493.621;5461.438;5437.272;5419.432;5404.523;5390.574;5375.931;5358.783;5339.616;5321.799;5304.219;5284.991;5263.074;5233.372;5206.18;5188.628;5171.37;5154.298;5140.939;5132.594;5129.516;5127.024;5120.534;5113.691;5111.619;5114.297;5117.809;5121.572;5123.027;5116.801;5104.248;5088.419;5072.596;5059.862;5045.297;5021.861;4991.595;4963.126;4928.757;4891.86;4864.883;4835.354;4797.381;4759.012;4722.072;4684.483;4647.727;4611.687;4579.603
Total population (demographic statistics) (NPTN);Germany;83965.771;83791.15;83195.871;83160.871;83092.962;82905.782;82657.002;82348.669;81686.611;80982.5;80645.605;80425.823;81039.751;81776.93;81902.307;82110.097;82266.372;82376.451;82469.422;82516.26;82534.176;82488.495;82349.925;82211.508;82100.243;82047.195;82034.771;81914.831;81678.051;81438.348;81156.363;80624.598;80013.896;79433.029;78751.283;78144.619;77839.92;77720.435;77684.873;77858.685;78128.282;78333.366;78407.907;78288.576;78126.35;78091.82;78159.814;78336.95;78673.554;78967.433;78936.666;78688.452;78312.842;78169.289;77909.682;77294.313;76951.336;76600.311;75963.695;75318.337;74714.353;74025.783;73377.631;72814.9
Total population (demographic statistics) (NPTN);Estonia;1374.068;1369.069;1330.002;1329.522;1326.898;1321.977;1317.384;1315.789;1315.407;1315.345;1317.997;1322.696;1327.439;1331.475;1334.515;1337.09;1340.68;1346.81;1354.775;1362.55;1370.72;1379.35;1388.115;1396.985;1390.244;1386.156;1399.535;1415.594;1436.634;1462.514;1494.128;1533.091;1561.314;1569.174;1568.131;1561.9;1552.221;1540.19;1528.781;1518.617;1508.745;1498.414;1487.666;1477.219;1468.333;1460.188;1450.211;1439.576;1429.352;1418.169;1405.951;1392.518;1376.955;1360.076;1345.249;1331.213;1318.946;1308.597;1294.566;1277.086;1258.857;1241.623;1225.077;1211.537
Total population (demographic statistics) (NPTN);Ireland;5145.057;5079.004;5023.721;4985.382;4934.34;4867.316;4807.388;4755.335;4701.957;4657.74;4623.816;4599.533;4580.084;4560.155;4535.375;4489.544;4398.942;4274.137;4159.914;4070.261;3996.521;3931.947;3866.243;3805.174;3754.786;3712.696;3674.171;3637.51;3608.841;3590.386;3576.261;3558.43;3534.235;3513.974;3511.009;3524.949;3540.056;3539.69;3539.209;3533.55;3510.6;3485.8;3453;3412.8;3373.75;3329.1;3282.2;3238.05;3189.55;3137.5;3085.95;3036.85;2992.05;2957.25;2932.65;2915.55;2902.45;2888.8;2877.3;2866.55;2852.65;2836.05;2824.4;2828.6
Total population (demographic statistics) (NPTN);Greece;10577.328;10617.58;10657.832;10698.599;10721.582;10732.882;10754.679;10775.971;10820.883;10892.413;10965.211;11045.011;11104.899;11121.341;11107.017;11077.841;11048.473;11020.362;10987.314;10955.141;10928.07;10902.022;10862.132;10805.808;10761.698;10720.509;10661.259;10608.8;10562.153;10512.922;10460.414;10399.061;10319.927;10196.792;10089.498;10036.983;10000.595;9967.213;9934.3;9895.801;9846.627;9789.513;9729.35;9642.505;9548.258;9429.959;9308.479;9188.15;9046.541;8962.021;8929.086;8888.628;8831.036;8792.806;8772.764;8740.765;8684.088;8613.651;8550.333;8510.429;8479.625;8448.233;8398.05;8331.725
Total population (demographic statistics) (NPTN);Spain;48098.815;47811.943;47338.558;47365.655;47134.837;46797.754;46593.235;46484.061;46444.832;46480.882;46620.045;46773.055;46742.697;46576.897;46362.946;45954.106;45226.803;44397.318;43653.155;42921.895;42187.645;41431.558;40850.412;40567.864;40386.875;40223.508;40057.389;39889.852;39724.05;39549.108;39361.262;39157.685;38966.376;38867.322;38827.764;38766.939;38684.815;38584.624;38469.512;38330.364;38171.525;37986.012;37758.631;37491.165;37191.33;36864.898;36511.638;36137.812;35757.9;35373.335;34988.947;34604.469;34224.49;33760.929;33449.084;33121.095;32730.141;32330.765;31961.967;31616.794;31304.169;31030.823;30774.761;30263.269
Total population (demographic statistics) (NPTN);France;68324.12;68092.605;67677.54;67488.449;67248.926;67101.93;66918.02;66724.104;66548.272;66312.067;65883.165;65438.667;65127.852;64818.788;64504.541;64178.71;63826.129;63437.35;63001.253;62532.556;62078.165;61644.062;61201.676;60762.169;60351.778;60046.709;59830.635;59624.341;59418.718;59209.73;58995.125;58745.39;58459.145;58185.432;57892.575;57579.193;57277.522;56992.846;56723.779;56458.864;56198.6;55911.384;55592.618;55282.953;55002.045;54766.148;54529.099;54286.324;54071.366;53826.341;53475.371;53047.117;52585.585;52094.249;51628.172;51215.116;50838.458;50443.803;50027.366;49568.336;49061.271;48221.444;47364.83;46873.766
Total population (demographic statistics) (NPTN);Croatia;3888.53;3888.53;3888.53;4047.26;4067.206;4090.87;4129.853;4172.441;4207.993;4236.063;4254.475;4269.062;4282.921;4296.352;4306.322;4310.881;4312.749;4313.009;4311.674;4308.293;4305.555;4305.439;4300.45;4396.571;4512.598;4532.136;4534.92;4557.098;4620.03;4652.024;4600.463;4575.819;4689.023;4777.368;4767.261;4755.208;4739.746;4721.447;4701.418;4680.285;4658.254;4634.235;4611.509;4599.782;4594.778;4581.085;4559.571;4535.934;4512.082;4490.66;4470.161;4450.564;4431.275;4412.252;4391.49;4365.628;4338.683;4310.701;4280.923;4252.876;4225.675;4196.712;4167.292;4140.181
Total population (demographic statistics) (NPTN);Italy;59794.95;59467.95;59109.651;59438.851;59729.081;60150.323;60536.709;60627.498;60730.582;60789.14;60233.947;59539.717;59379.449;59277.417;59095.364;58826.731;58438.31;58143.979;57969.484;57685.326;57313.203;57059.007;56974.1;56942.108;56916.317;56906.744;56890.372;56860.281;56844.303;56843.4;56831.821;56797.087;56758.521;56719.239;56671.781;56629.288;56601.931;56596.155;56593.071;56576.718;56564.074;56543.548;56501.675;56433.883;56317.749;56155.143;55955.411;55718.26;55441.001;55110.868;54751.405;54381.345;54073.489;53821.85;53537.95;53235.75;52900.5;52519;52112.35;51675.35;51252;50879.45;50536.35;50199.7
Total population (demographic statistics) (NPTN);Cyprus;928.563;917.553;900.356;892.006;881.952;870.068;859.519;851.561;847.664;852.504;861.939;863.945;850.881;829.446;808.035;786.632;767.125;750.965;738.54;727.98;718.307;709.63;701.544;694.023;686.68;679.039;670.764;661.323;650.866;639.171;626.088;611.15;595.105;579.898;567.674;559.639;553.736;547.747;541.501;534.958;528.071;523.734;517.573;509.05;503.55;499.65;497.8;497.74;501.79;571.75;634.789;627.439;620;614.45;609.4;604.3;599.45;595.15;590.8;586.95;582.2;577.4;574.733;572.783
Total population (demographic statistics) (NPTN);Latvia;1854.469;1867.542;1882.603;1900.449;1913.822;1927.173;1942.248;1959.537;1977.527;1993.782;2012.647;2034.319;2059.709;2097.555;2141.669;2177.322;2200.325;2218.357;2238.799;2263.122;2287.955;2310.173;2337.17;2367.55;2390.482;2410.019;2432.851;2457.221;2485.056;2520.742;2563.29;2614.338;2650.581;2663.15;2666.955;2653.434;2626.583;2599.892;2578.873;2562.047;2546.011;2531.08;2519.421;2511.701;2505.953;2497.921;2485.073;2470.989;2456.13;2437.186;2415.819;2395.674;2376.389;2359.163;2343.173;2323.619;2301.22;2283.217;2265.918;2240.623;2210.919;2181.586;2152.681;2120.979
Total population (demographic statistics) (NPTN);Lithuania;2827.552;2807.34;2802.855;2794.885;2794.137;2801.543;2828.403;2868.231;2904.91;2932.367;2957.689;2987.773;3028.115;3097.282;3162.916;3198.231;3231.294;3269.909;3322.528;3377.074;3415.213;3443.067;3470.818;3499.536;3524.238;3549.331;3575.137;3601.613;3629.101;3657.144;3682.613;3700.114;3704.134;3697.838;3684.255;3655.049;3616.367;3578.913;3544.543;3514.205;3485.192;3457.179;3432.947;3413.202;3397.842;3379.514;3355.036;3328.663;3301.652;3273.894;3244.438;3213.622;3179.041;3139.689;3107.321;3078.85;3044.4;3008.05;2971.45;2935.2;2898.95;2863.35;2823.55;2778.55
Total population (demographic statistics) (NPTN);Luxembourg;672.9;658.673;640.358;630.419;620.001;607.95;596.336;583.458;569.603;556.319;543.36;530.946;518.347;506.953;497.783;488.65;479.993;472.637;465.158;458.095;451.63;446.175;441.525;436.3;430.475;424.7;419.45;414.225;408.625;402.925;397.475;392.175;387;381.85;377.1;373.45;370.75;368.355;366.706;365.998;365.622;365.525;365.225;364.15;362.856;362.007;361.357;360.731;358.95;355.05;350.45;346.6;342.421;339.171;337.5;335.9;335;333.9;331.5;327.8;324.1;320.8;316.9;314.9
Total population (demographic statistics) (NPTN);Hungary;9917.873;9896.5;9710.089;9750.149;9771.141;9775.564;9787.966;9814.023;9843.028;9866.468;9893.082;9920.361;9958.823;10000.023;10022.65;10038.188;10055.78;10071.37;10087.065;10107.146;10129.552;10158.607;10187.575;10210.971;10237.53;10266.57;10290.485;10311.238;10328.965;10343.355;10357.523;10369.341;10373.4;10373.988;10481.718;10596.487;10612.741;10630.564;10648.713;10668.095;10689.463;10705.535;10711.848;10711.122;10704.152;10684.822;10648.031;10598.677;10540.525;10478.72;10432.055;10398.489;10367.537;10337.91;10298.723;10255.815;10216.604;10178.653;10147.935;10119.835;10087.947;10060.825;10027.958;9983.512
Total population (demographic statistics) (NPTN);Malta;541.431;530.815;519.897;515.332;504.062;484.63;467.999;455.356;445.053;434.558;425.967;420.028;416.268;414.508;412.477;409.379;406.724;405.308;403.834;401.268;398.582;395.969;393.028;390.087;387.578;385.287;382.79;379.905;377.419;374.88;371.581;368.073;364.472;360.849;357.336;353.875;350.981;348.572;342.797;336.827;333.04;328.326;324.997;322.616;319.25;316.031;312.758;311.54;309.958;307.752;308.374;326.238;328.202;328.449;326.447;323.581;323.555;323.258;324.536;329.473;333.808;335.759;335.56;334.264
Total population (demographic statistics) (NPTN);Netherlands;17688.574;17598.82;17509.522;17441.5;17344.874;17231.624;17131.296;17030.314;16939.923;16865.008;16804.432;16754.962;16693.074;16615.394;16530.388;16445.593;16381.696;16346.101;16319.868;16281.779;16225.302;16148.929;16046.18;15925.513;15812.088;15707.209;15610.65;15530.498;15459.006;15382.838;15290.368;15184.166;15069.798;14951.51;14848.907;14760.094;14665.037;14572.278;14491.632;14424.211;14367.07;14312.69;14247.208;14149.8;14038.27;13941.7;13856.185;13774.037;13666.335;13545.056;13439.322;13328.593;13194.497;13038.526;12877.983;12729.721;12598.201;12456.251;12294.732;12127.12;11965.966;11805.689;11638.712;11486.631
Total population (demographic statistics) (NPTN);Austria;9193.718;9126.865;8955.244;8916.864;8879.92;8840.521;8797.566;8736.668;8642.698;8546.356;8479.823;8429.991;8391.643;8363.404;8343.323;8321.496;8295.486;8268.641;8227.829;8171.966;8121.423;8081.957;8042.293;8011.566;7992.324;7976.789;7968.041;7959.017;7948.278;7936.118;7905.633;7840.709;7754.89;7677.85;7619.567;7585.317;7574.586;7569.794;7564.985;7561.434;7561.91;7574.14;7568.71;7549.433;7549.425;7562.305;7568.43;7565.525;7578.903;7599.038;7586.115;7544.201;7500.482;7467.086;7441.055;7415.403;7376.998;7322.066;7270.889;7223.801;7175.811;7129.864;7086.299;7047.539
Total population (demographic statistics) (NPTN);Poland;40016.59;39722.176;37709.347;37899.07;37965.475;37974.75;37974.826;37970.087;37986.412;38011.735;38040.196;38063.164;38063.255;38042.794;38079.373;38125.758;38120.56;38141.267;38165.445;38182.222;38204.57;38230.364;38248.076;38258.629;38465.143;38663.481;38649.66;38624.37;38594.998;38542.652;38461.408;38363.667;38246.193;38110.782;37961.529;37824.487;37668.045;37456.119;37201.885;36904.133;36571.808;36230.481;35898.587;35574.15;35247.217;34965.6;34689.05;34356.3;34015.199;33678.899;33357.2;33055.65;32783.5;32664.3;32548.3;32294.655;31987.155;31681;31444.95;31139.45;30712;30308.5;29964;29637.45
Total population (demographic statistics) (NPTN);Portugal;10291.981;10291.981;10291.981;10297.081;10286.263;10283.822;10300.3;10325.452;10358.076;10401.062;10457.295;10514.843;10557.56;10573.1;10568.247;10558.177;10542.964;10522.288;10503.33;10483.861;10458.821;10419.631;10362.722;10289.898;10217.828;10160.196;10108.977;10063.945;10026.176;9991.525;9964.675;9952.494;9960.235;9983.218;10005;10019.61;10030.031;10032.733;10023.613;9996.232;9957.865;9911.77;9851.362;9766.312;9661.265;9558.25;9455.675;9355.81;9093.47;8754.365;8633.1;8630.43;8643.756;8680.431;8757.705;8836.65;8874.52;8930.99;8998.595;9035.365;9030.355;8993.985;8929.316;8857.716
Total population (demographic statistics) (NPTN);Romania;18891.524;19043.875;19197.455;19265.25;19371.648;19473.97;19588.715;19702.267;19815.616;19908.979;19983.693;20058.035;20147.528;20246.871;20367.487;20537.875;20882.982;21193.76;21319.685;21451.748;21574.326;21730.496;22131.97;22442.971;22472.04;22507.344;22553.978;22619.004;22684.27;22730.211;22763.28;22794.284;23001.155;23201.835;23161.458;23057.662;22949.43;22836.841;22732.999;22640.547;22560.478;22475.741;22353.07;22207.282;22090.488;21951.464;21756.096;21551.634;21293.583;21029.429;20835.681;20657.957;20461.567;20250.398;20009.141;19799.831;19361.887;19217.312;19103.458;19002.758;18888.302;18755.373;18641.118;18476.964
Total population (demographic statistics) (NPTN);Slovenia;2136.587;2125.613;2107.538;2102.419;2088.385;2073.894;2066.388;2065.042;2063.531;2061.98;2059.953;2057.159;2052.842;2048.583;2039.669;2021.316;2010.323;2006.867;2000.474;1997.012;1995.733;1994.53;1992.06;1988.925;1983.045;1981.629;1985.956;1988.628;1989.872;1989.443;1991.746;1996.498;1999.429;1998.161;1996.351;1995.196;1989.776;1965.964;1941.641;1932.154;1922.321;1910.334;1906.53;1901.315;1882.599;1862.548;1842.376;1820.249;1793.581;1776.132;1766.697;1752.233;1738.335;1724.891;1713.874;1704.546;1689.528;1669.905;1649.16;1632.114;1616.971;1603.649;1594.131;1584.72
Total population (demographic statistics) (NPTN);Slovakia;5498.612;5484.771;5449.35;5458.827;5454.147;5446.771;5439.232;5430.798;5423.801;5418.649;5413.393;5407.579;5398.384;5391.428;5386.406;5379.233;5374.622;5373.054;5372.807;5372.28;5373.374;5376.912;5378.867;5388.72;5396.02;5390.516;5383.291;5373.361;5361.999;5346.331;5325.305;5305.016;5303.294;5299.187;5275.942;5250.596;5222.84;5193.838;5161.768;5127.097;5091.971;5055.099;5016.105;4979.815;4938.973;4890.125;4840.501;4789.506;4739.105;4689.623;4641.445;4596.621;4557.449;4538.223;4518.607;4483.915;4449.367;4411.666;4370.983;4327.341;4282.017;4238.188;4191.667;4068.094
Total population (demographic statistics) (NPTN);Finland;5577.832;5571.834;5543.14;5529.543;5521.606;5515.524;5508.214;5495.303;5479.531;5461.512;5438.972;5413.97;5388.272;5363.352;5338.871;5313.399;5288.72;5266.268;5246.095;5228.172;5213.014;5200.598;5188.008;5176.209;5165.474;5153.497;5139.835;5124.573;5107.79;5088.333;5066.447;5041.992;5013.74;4986.431;4964.371;4946.481;4932.123;4918.154;4902.206;4881.803;4855.787;4826.933;4799.964;4779.535;4764.69;4752.528;4738.902;4725.664;4711.44;4690.574;4666.081;4639.657;4612.124;4606.307;4623.785;4626.469;4605.744;4580.869;4563.732;4548.543;4523.309;4491.443;4461.005;4429.634
Total population (demographic statistics) (NPTN);Sweden;10490.65;10459.272;10417.602;10353.442;10278.887;10175.214;10057.698;9923.085;9799.186;9696.109;9600.378;9519.374;9449.213;9378.126;9298.515;9219.637;9148.092;9080.505;9029.572;8993.531;8958.229;8924.958;8895.96;8872.109;8857.874;8850.974;8846.062;8840.998;8826.939;8780.745;8718.561;8668.067;8617.375;8558.835;8492.964;8436.489;8397.804;8369.829;8350.386;8336.605;8329.033;8325.263;8320.503;8310.531;8293.678;8275.599;8251.54;8222.286;8192.437;8159.955;8136.312;8122.3;8098.334;8042.8;7968.072;7912.273;7867.931;7807.797;7733.853;7661.353;7604.327;7561.588;7519.997;7484.656